"","year","month","day","dust","temp","wind","rain","bike_use"
"1",2018,1,1,18,7.8,22.6,1.1,10235
"2",2018,1,2,26,8.5,19.6,12.8,14394
"3",2018,1,3,29,9.9,38.8,2.4,20265
"4",2018,1,4,22,8.9,25.6,10.3,17543
"5",2018,1,5,25,7.5,17.9,0,21759
"6",2018,1,6,27,4.3,10.3,0,13920
"7",2018,1,7,17,4,18.6,0,12259
"8",2018,1,8,28,5,23.6,0,23374
"9",2018,1,9,38,5.8,11.8,0,24683
"10",2018,1,10,33,8.4,13.8,0.7,26787
"11",2018,1,11,34,7.2,7.9,0.2,25222
"12",2018,1,12,32,7.3,8.4,0.7,24696
"13",2018,1,13,30,6.2,17,0,17512
"14",2018,1,14,35,6,10.2,0,15070
"15",2018,1,15,19,8.9,26.3,9,19161
"16",2018,1,16,17,6.4,30,0,26921
"17",2018,1,17,22,5.9,31.5,1.1,26934
"18",2018,1,18,21,8.7,35.3,1.3,26471
"19",2018,1,19,33,4.8,22.5,0,25799
"20",2018,1,20,20,4.2,12.7,5.3,9398
"21",2018,1,21,22,4.3,11.8,12.3,5859
"22",2018,1,22,24,9.9,17.4,0,26337
"23",2018,1,23,20,11.3,19.4,0.4,26003
"24",2018,1,24,18,10.9,27.3,11.4,20206
"25",2018,1,25,29,8.5,18.1,0,28189
"26",2018,1,26,37,6.3,7.5,0,26430
"27",2018,1,27,26,8.3,17.1,0.9,14472
"28",2018,1,28,17,12,25.1,0,17512
"29",2018,1,29,19,10.9,26.1,0.7,26371
"30",2018,1,30,35,6.3,11.3,0.7,28002
"31",2018,1,31,20,7.7,27.4,1.8,24117
"32",2018,2,1,23,5.8,25.1,1.1,25525
"33",2018,2,2,28,6,17.9,0,25331
"34",2018,2,3,23,5,8.1,4.8,8975
"35",2018,2,4,15,4.1,13,0,13833
"36",2018,2,5,22,3.1,12.1,0,23898
"37",2018,2,6,37,2.6,11.5,0,25349
"38",2018,2,7,45,3,11.3,0,25388
"39",2018,2,8,35,4.3,15.2,0,25791
"40",2018,2,9,22,5.8,24.1,7.7,21037
"41",2018,2,10,24,5.3,19.9,3.7,9956
"42",2018,2,11,12,6.3,30.4,1.5,14621
"43",2018,2,12,26,3.9,19,0,24719
"44",2018,2,13,18,4.8,18.8,2.4,20931
"45",2018,2,14,22,5,17.3,8.4,18866
"46",2018,2,15,28,8.5,18.6,0.4,25264
"47",2018,2,16,36,6.1,12.8,0,25411
"48",2018,2,17,37,6.2,7.3,0,23169
"49",2018,2,18,31,6.9,8.6,0,18624
"50",2018,2,19,29,9.2,10.8,1.8,19879
"51",2018,2,20,20,8.2,14.8,0.4,25055
"52",2018,2,21,48,4.8,8.5,0,26434
"53",2018,2,22,34,3.9,16.1,0,26179
"54",2018,2,23,31,2.7,19.8,0,23067
"55",2018,2,24,39,3,25.5,0,16522
"56",2018,2,25,22,2.1,23.6,0,14037
"57",2018,2,26,31,0.5,19.7,0.6,19204
"58",2018,2,27,36,-1.4,11.1,0.6,18741
"59",2018,2,28,27,-3,20.2,5.5,10619
"60",2018,3,1,42,-1.5,36.9,2.9,8744
"61",2018,3,2,48,-0.3,34.9,2.2,8234
"62",2018,3,3,64,2.5,25.8,0.7,7924
"63",2018,3,4,31,6.2,11.4,0.2,10853
"64",2018,3,5,26,7.9,16.9,0.4,24818
"65",2018,3,6,27,8.3,12.2,0.4,26301
"66",2018,3,7,29,6.9,12.8,3.3,22044
"67",2018,3,8,22,7.7,24.2,1.3,25967
"68",2018,3,9,31,7.3,11.1,7.3,18912
"69",2018,3,10,29,12.2,15,0.2,18717
"70",2018,3,11,33,8.4,14.1,2.4,16259
"71",2018,3,12,22,8.8,17.6,5.7,19996
"72",2018,3,13,26,8.2,14.8,0,28069
"73",2018,3,14,21,9.2,20.1,0,28769
"74",2018,3,15,21,10,17.2,4.8,25318
"75",2018,3,16,30,10.6,13.7,1.5,28308
"76",2018,3,17,25,1.8,22.6,4.4,8106
"77",2018,3,18,31,0.7,25.5,3.3,6624
"78",2018,3,19,36,1.7,18.3,0,20488
"79",2018,3,20,33,5,12.5,0.1,24582
"80",2018,3,21,35,6.4,14.9,0,27719
"81",2018,3,22,32,8.2,20.1,0,27228
"82",2018,3,23,37,9.7,20.6,0,26894
"83",2018,3,24,42,8.1,10.2,1.3,18804
"84",2018,3,25,45,9.1,5.4,0,19723
"85",2018,3,26,35,9.6,9.6,0,29486
"86",2018,3,27,23,9.7,16.9,4.4,22603
"87",2018,3,28,22,6.6,13.5,11.7,15800
"88",2018,3,29,26,6.6,14.8,3.5,20237
"89",2018,3,30,17,6.6,17.2,10.8,6362
"90",2018,3,31,17,6.5,15.7,2.6,11032
"91",2018,4,1,17,6.2,12.9,0,13504
"92",2018,4,2,17,9.3,14.9,13.6,7998
"93",2018,4,3,21,12,20,1.8,22708
"94",2018,4,4,21,10.8,23.5,0.2,23173
"95",2018,4,5,16,8.7,18.1,0,30508
"96",2018,4,6,25,10.9,18,0,30690
"97",2018,4,7,36,12.8,11,0,25909
"98",2018,4,8,28,10.9,5.6,6.2,9759
"99",2018,4,9,27,9.3,13.3,7,16324
"100",2018,4,10,36,10.7,11.6,4,26751
"101",2018,4,11,48,9.8,7.7,2.4,24883
"102",2018,4,12,42,8.9,9.8,0.1,26473
"103",2018,4,13,38,9.6,10.5,0,27363
"104",2018,4,14,48,12.7,12.3,0,34235
"105",2018,4,15,36,12.1,14.2,0.2,21324
"106",2018,4,16,28,12.4,18.2,0,30730
"107",2018,4,17,26,15.3,20.3,0,33025
"108",2018,4,18,34,17.7,13.3,0,40544
"109",2018,4,19,51,19.6,10,0,43585
"110",2018,4,20,41,20,11,0,45048
"111",2018,4,21,49,15.7,16.9,0,42328
"112",2018,4,22,38,18.3,18.6,3.7,38395
"113",2018,4,23,24,13.1,22.8,0,35940
"114",2018,4,24,23,14.1,23.2,0.4,33430
"115",2018,4,25,21,12.1,25.7,0.4,33426
"116",2018,4,26,25,11.3,23.2,0.4,34995
"117",2018,4,27,23,10.5,13.8,7.7,21387
"118",2018,4,28,17,9.3,10,2.2,17368
"119",2018,4,29,12,7.9,13.7,0,15822
"120",2018,4,30,20,7.4,21.1,5.3,17112
"121",2018,5,1,23,9.9,18.7,0,34598
"122",2018,5,2,17,11,19.5,4.6,23727
"123",2018,5,3,27,12,11.1,0,35477
"124",2018,5,4,30,15.4,9.2,0,36447
"125",2018,5,5,36,15.4,11.9,0,39070
"126",2018,5,6,41,16.7,11.4,0,40606
"127",2018,5,7,45,18.9,10,0,45435
"128",2018,5,8,46,19.1,13.9,0,41579
"129",2018,5,9,28,16.5,13.8,0,41130
"130",2018,5,10,22,14.2,17.1,2.2,38054
"131",2018,5,11,28,14.3,16.1,0,38386
"132",2018,5,12,27,14.3,8.4,7.3,16717
"133",2018,5,13,25,15.7,8.5,0,29190
"134",2018,5,14,21,14.9,15.4,0,38095
"135",2018,5,15,21,16.5,12.7,0,42106
"136",2018,5,16,23,12.7,13.8,0,34627
"137",2018,5,17,25,11.6,13,0,37549
"138",2018,5,18,27,12,9.8,0,37305
"139",2018,5,19,35,14.2,11.1,0,36895
"140",2018,5,20,34,13.7,14.7,0,39964
"141",2018,5,21,45,16,8.3,0,38800
"142",2018,5,22,35,16.6,13.9,0,41242
"143",2018,5,23,32,14.5,15.8,0,38229
"144",2018,5,24,51,16,10.1,2,31970
"145",2018,5,25,44,16.6,8.3,0,35108
"146",2018,5,26,57,19.7,20.1,0.4,33573
"147",2018,5,27,55,20.5,11.8,3.3,33192
"148",2018,5,28,59,20,9.8,2.2,36742
"149",2018,5,29,30,15.8,12.7,16.3,24312
"150",2018,5,30,34,16.9,8.4,0.4,34884
"151",2018,5,31,44,17.5,13.2,0,37677
"152",2018,6,1,35,19.3,11.2,0,37293
"153",2018,6,2,23,19.7,16,0,38293
"154",2018,6,3,23,20.6,11.7,0,39871
"155",2018,6,4,25,16.3,12.5,0,35255
"156",2018,6,5,20,14.4,14.1,0,37048
"157",2018,6,6,34,15.3,13.1,0,41592
"158",2018,6,7,28,16.9,13.1,0,37841
"159",2018,6,8,26,17.4,12.2,0,39576
"160",2018,6,9,28,16.9,12.9,0.2,36466
"161",2018,6,10,22,17.3,15,0.2,38562
"162",2018,6,11,22,17.6,16.6,0,41027
"163",2018,6,12,22,15,11,0,38487
"164",2018,6,13,29,17,12.3,0,40569
"165",2018,6,14,27,18.5,20.7,0.2,37871
"166",2018,6,15,25,19.3,12,0,39862
"167",2018,6,16,20,17.7,18.9,0,31329
"168",2018,6,17,19,16.4,20.4,0.2,26769
"169",2018,6,18,21,19.9,23.4,0,39768
"170",2018,6,19,18,21.4,19.8,0,41862
"171",2018,6,20,20,20.1,19.5,0,41134
"172",2018,6,21,29,16.3,18.8,0,41533
"173",2018,6,22,23,16.7,13.5,0,41765
"174",2018,6,23,25,18.6,13.6,0,38772
"175",2018,6,24,24,19.6,11.5,0,38982
"176",2018,6,25,30,22.8,9.1,0,44565
"177",2018,6,26,28,20.8,16.2,0,46084
"178",2018,6,27,28,18.1,19.5,0,44788
"179",2018,6,28,26,19.1,15.5,0,43075
"180",2018,6,29,25,19.7,15.8,0,43081
"181",2018,6,30,24,20.1,18.6,0,38522
"182",2018,7,1,26,22.8,15.5,0,37334
"183",2018,7,2,22,22.6,20.3,0,42556
"184",2018,7,3,21,20.1,23.8,0,44655
"185",2018,7,4,28,19.7,13,1.5,43511
"186",2018,7,5,35,23.4,10.2,0,44052
"187",2018,7,6,32,23.8,10.3,0,43143
"188",2018,7,7,36,24.8,12.1,0,36308
"189",2018,7,8,26,23.7,10.9,0,38196
"190",2018,7,9,27,22.8,12.3,0,41893
"191",2018,7,10,19,17.9,13.1,0,43535
"192",2018,7,11,28,18.1,10.7,0,44003
"193",2018,7,12,27,18.9,11.4,0,41826
"194",2018,7,13,29,20.2,14.8,16.9,38879
"195",2018,7,14,30,22.1,10.3,0,37733
"196",2018,7,15,25,24.7,9.7,0,37299
"197",2018,7,16,28,24.9,12.7,0,41828
"198",2018,7,17,21,20.6,19.6,0,43392
"199",2018,7,18,23,21.2,9.3,0,43183
"200",2018,7,19,25,22,12.6,0,42857
"201",2018,7,20,26,21.2,11,0,40297
"202",2018,7,21,29,23,8.7,0,38763
"203",2018,7,22,24,24,11.8,0,37683
"204",2018,7,23,24,26,12.5,0,42509
"205",2018,7,24,25,24.7,14.8,0,44195
"206",2018,7,25,29,24.6,11.3,0,44870
"207",2018,7,26,45,27.1,14.2,0,43343
"208",2018,7,27,32,25.6,11.1,7.3,34606
"209",2018,7,28,25,20.1,26.1,0,41145
"210",2018,7,29,16,19,21.4,4.8,18974
"211",2018,7,30,18,20.8,17.6,0,38274
"212",2018,7,31,21,20.2,15.7,5.9,42260
"213",2018,8,1,24,20.6,13,0,43691
"214",2018,8,2,25,23,11.4,0,43292
"215",2018,8,3,23,26.3,8.2,0,40908
"216",2018,8,4,21,23.4,13.4,0,39318
"217",2018,8,5,18,22.3,11.8,0,40220
"218",2018,8,6,27,24.9,9,0,41963
"219",2018,8,7,29,25.2,11.5,0.4,40954
"220",2018,8,8,19,20.5,20.4,0,42676
"221",2018,8,9,19,16.5,10.4,14.7,20574
"222",2018,8,10,19,16.1,17,7.5,29253
"223",2018,8,11,19,16.7,12.9,0.9,33214
"224",2018,8,12,16,19.6,14.2,0.9,23113
"225",2018,8,13,19,19.8,15.8,0.4,36510
"226",2018,8,14,19,20.4,18.4,0,40735
"227",2018,8,15,22,20.3,19.2,0,40930
"228",2018,8,16,23,18.1,16.7,15.2,28400
"229",2018,8,17,22,18,15.8,0,36869
"230",2018,8,18,21,19.3,18.1,0,31691
"231",2018,8,19,18,21.4,20,0,32209
"232",2018,8,20,19,22.4,12.8,0,37839
"233",2018,8,21,24,22.3,10.9,0,40293
"234",2018,8,22,21,19.6,14.7,0,38401
"235",2018,8,23,18,19.6,17.8,0.7,34492
"236",2018,8,24,17,15.5,23.7,5.3,27839
"237",2018,8,25,17,14.5,16.5,1.5,25490
"238",2018,8,26,18,15.5,15.2,13.6,8177
"239",2018,8,27,15,17.6,20.9,0,25059
"240",2018,8,28,22,18.3,9.2,0,34791
"241",2018,8,29,24,16.8,10,9.9,27070
"242",2018,8,30,23,16.4,7.5,0,37001
"243",2018,8,31,24,16.6,9.8,0,35209
"244",2018,9,1,27,18.4,9.4,0,35326
"245",2018,9,2,27,17.8,11,0,35048
"246",2018,9,3,33,18.3,7,0,36068
"247",2018,9,4,28,16.9,10.7,0,36581
"248",2018,9,5,25,17.1,10.2,0,36059
"249",2018,9,6,27,16.8,12.7,0,34778
"250",2018,9,7,19,15.2,20.1,0,35451
"251",2018,9,8,24,15.7,15.9,0,28318
"252",2018,9,9,19,18.9,16.3,0,30598
"253",2018,9,10,21,18,19.4,0,36965
"254",2018,9,11,19,19.9,23.8,1.3,37221
"255",2018,9,12,23,14.4,8.7,3.1,33403
"256",2018,9,13,25,15.1,10.7,0,38708
"257",2018,9,14,20,15.2,17.9,0,35332
"258",2018,9,15,22,16.6,14.3,0,33465
"259",2018,9,16,19,18.7,15.8,0,32055
"260",2018,9,17,20,20.9,15.6,0,39190
"261",2018,9,18,21,20,24.3,0,38360
"262",2018,9,19,27,20.1,26,0,37027
"263",2018,9,20,25,19.9,26.4,0.9,35317
"264",2018,9,21,22,15,34.7,2.4,32942
"265",2018,9,22,18,12.2,15.7,8.8,12376
"266",2018,9,23,14,11.3,13.2,12.1,13192
"267",2018,9,24,23,11.4,9.3,0,34563
"268",2018,9,25,33,12.2,8.7,0,36730
"269",2018,9,26,29,15.5,11.6,0,39281
"270",2018,9,27,34,17.1,11.4,0,39835
"271",2018,9,28,19,14.1,13,0,35817
"272",2018,9,29,35,12.6,4.5,0,32941
"273",2018,9,30,21,12.2,13,0,25254
"274",2018,10,1,18,11.8,15.9,11.2,34411
"275",2018,10,2,18,16.1,22.3,0,37515
"276",2018,10,3,23,16,12.3,0,38434
"277",2018,10,4,28,13.9,11.3,0,36930
"278",2018,10,5,37,15.4,6.4,0,39569
"279",2018,10,6,22,11.4,12.4,8.8,10043
"280",2018,10,7,18,10.6,9.2,0,25713
"281",2018,10,8,22,12.8,12,0,35156
"282",2018,10,9,26,15.5,9.9,0,39132
"283",2018,10,10,48,15.8,14.9,0,39398
"284",2018,10,11,26,18.2,17.5,0.2,35875
"285",2018,10,12,21,19.2,22.1,0,35747
"286",2018,10,13,23,22.2,19.9,0,36393
"287",2018,10,14,13,14.6,11.5,12.5,10292
"288",2018,10,15,19,13.8,7.5,10.3,28044
"289",2018,10,16,33,16.9,12.2,0,37920
"290",2018,10,17,26,13.9,6.4,1.3,30482
"291",2018,10,18,22,13,9.8,0,35206
"292",2018,10,19,30,11.3,5.6,0,34707
"293",2018,10,20,45,12.8,7.2,0,32588
"294",2018,10,21,26,14.9,10.3,0,32484
"295",2018,10,22,23,11.2,10.4,0,34430
"296",2018,10,23,26,11.9,17.2,0,34889
"297",2018,10,24,22,14.3,13.8,0,35656
"298",2018,10,25,25,11.1,12,0,34640
"299",2018,10,26,16,10.2,18.4,1.3,27636
"300",2018,10,27,13,5.8,15.9,0,18756
"301",2018,10,28,12,7,13.3,1.5,13675
"302",2018,10,29,15,6.3,10.8,0,29409
"303",2018,10,30,19,7.8,19.7,0,30269
"304",2018,10,31,29,8.6,11.7,0.4,32891
"305",2018,11,1,26,10.7,11.2,6.4,23475
"306",2018,11,2,34,7.3,10.5,0,31083
"307",2018,11,3,27,10,11.6,0,25142
"308",2018,11,4,28,10.5,10.6,0,21829
"309",2018,11,5,52,11.3,11.3,0,31421
"310",2018,11,6,36,13.7,13,0,33038
"311",2018,11,7,19,13,20.7,5.3,27656
"312",2018,11,8,24,10,17.3,0,32933
"313",2018,11,9,23,10.8,16.9,5.5,27403
"314",2018,11,10,21,11.9,12.2,19.1,14732
"315",2018,11,11,17,11.8,14,4,18455
"316",2018,11,12,22,12.2,15.6,1.5,26077
"317",2018,11,13,27,11.7,14.9,0,32062
"318",2018,11,14,27,12.6,12.2,0,33339
"319",2018,11,15,37,12.7,9.2,0,33043
"320",2018,11,16,25,10.2,12.9,0,28581
"321",2018,11,17,32,9.3,19.1,0.2,20518
"322",2018,11,18,23,8.7,16.3,0,9585
"323",2018,11,19,16,7.5,20.5,2.2,18246
"324",2018,11,20,21,4.9,15.3,5.5,15237
"325",2018,11,21,32,4.3,11.3,0.7,25022
"326",2018,11,22,51,3.7,6.2,0,26112
"327",2018,11,23,47,7.2,10.6,0,25881
"328",2018,11,24,33,8.7,15.7,0.1,15813
"329",2018,11,25,27,7.7,14,0,14529
"330",2018,11,26,23,7.2,8.7,0.1,27509
"331",2018,11,27,26,6.8,12.5,4.2,22128
"332",2018,11,28,19,12.9,19,4.6,22846
"333",2018,11,29,21,13,22.5,2,25714
"334",2018,11,30,25,10.2,15.3,0,28615
"335",2018,12,1,19,11.1,15.2,0,14046
"336",2018,12,2,15,14.3,20.6,1.3,15990
"337",2018,12,3,20,12.1,21,0.9,25801
"338",2018,12,4,28,7.2,7.8,1.3,28982
"339",2018,12,5,22,10.7,15.3,5.3,23816
"340",2018,12,6,26,12.9,19.1,0.2,16600
"341",2018,12,7,16,11.4,24.7,6.4,18608
"342",2018,12,8,20,10.3,30.7,0.2,16515
"343",2018,12,9,14,10.2,26.4,1.1,15441
"344",2018,12,10,19,8.5,15.6,0,27880
"345",2018,12,11,35,6.7,7.8,0,28904
"346",2018,12,12,26,6.5,16.5,0,27494
"347",2018,12,13,31,3.6,21.7,0,25997
"348",2018,12,14,43,3.5,8.3,0,24076
"349",2018,12,15,25,3.6,20.7,11.2,8076
"350",2018,12,16,21,8.3,11.8,6.2,12123
"351",2018,12,17,28,8.5,16.2,0,24973
"352",2018,12,18,21,10.5,20.2,4.2,20180
"353",2018,12,19,21,9,14.2,2,22425
"354",2018,12,20,21,9.3,16.5,0,23694
"355",2018,12,21,26,12.2,24.5,9.5,19169
"356",2018,12,22,22,10.6,20.7,0,13310
"357",2018,12,23,15,9.9,12.2,5.1,6748
"358",2018,12,24,29,6.3,5.6,0,10043
"359",2018,12,25,31,4.8,5,0,35267
"360",2018,12,26,24,8.4,5.5,0.2,10841
"361",2018,12,27,48,6,4,0,12310
"362",2018,12,28,38,8.5,9.2,0,13794
"363",2018,12,29,22,10.8,15.5,0,13100
"364",2018,12,30,17,9.8,12.8,0,12922
"365",2018,12,31,NA,10.1,12.9,0,16305
"366",2019,1,1,15,9.3,14.5,13.2,14148
"367",2019,1,2,22,5.8,9.1,0,19746
"368",2019,1,3,26,5.2,6.5,0,21552
"369",2019,1,4,39,3.6,7.2,0,20863
"370",2019,1,5,31,5.5,12.7,0,13907
"371",2019,1,6,29,8.2,10.2,0,14262
"372",2019,1,7,25,10.1,17.9,0,25668
"373",2019,1,8,24,8.2,18.8,0,27757
"374",2019,1,9,22,5,14.8,0.1,26568
"375",2019,1,10,34,4,8.5,0,26022
"376",2019,1,11,25,8,9.7,0,26378
"377",2019,1,12,17,9.5,20.7,0.2,16750
"378",2019,1,13,17,11.3,27.4,0,16304
"379",2019,1,14,19,8.8,19.5,0,28097
"380",2019,1,15,17,7.8,17,0,29413
"381",2019,1,16,11,8.4,19.1,3.7,24500
"382",2019,1,17,15,4.5,17.3,0.9,26053
"383",2019,1,18,26,3.7,11,0,25525
"384",2019,1,19,26,4.1,13.6,0,16653
"385",2019,1,20,33,2.4,6,0,16803
"386",2019,1,21,43,3.1,8.6,0,26567
"387",2019,1,22,18,4.5,13,7.7,23083
"388",2019,1,23,24,1.9,10.5,0,25406
"389",2019,1,24,37,2.7,8,0.4,24357
"390",2019,1,25,29,7.5,13.4,0.9,24198
"391",2019,1,26,15,9.2,20.8,5.7,15062
"392",2019,1,27,12,6.6,28.3,2.9,10596
"393",2019,1,28,23,4,19.1,0,25859
"394",2019,1,29,30,3.7,11.2,6.6,24732
"395",2019,1,30,25,2.9,11.3,0,25482
"396",2019,1,31,29,1.1,17,2.2,23487
"397",2019,2,1,18,2.3,17.8,0.2,12841
"398",2019,2,2,22,3.2,15.3,0,14136
"399",2019,2,3,25,3.4,12.8,0,14637
"400",2019,2,4,18,8.1,17.5,7.3,18254
"401",2019,2,5,21,7.7,10.4,1.8,25682
"402",2019,2,6,23,10.1,11.9,4.4,26197
"403",2019,2,7,20,8.8,28.9,0.2,26703
"404",2019,2,8,15,10.1,27,4.2,17468
"405",2019,2,9,18,9.1,30,0,17439
"406",2019,2,10,11,6.7,19.4,2.9,10800
"407",2019,2,11,24,6.7,10.3,0,27439
"408",2019,2,12,28,8.2,12.3,0,28786
"409",2019,2,13,27,8.9,11.2,0,29145
"410",2019,2,14,46,7,7.5,0,29270
"411",2019,2,15,50,8.3,6.7,0,28838
"412",2019,2,16,40,10.3,9.8,0,20560
"413",2019,2,17,36,9.8,12.3,0,24383
"414",2019,2,18,26,9.2,13.3,1.5,23815
"415",2019,2,19,28,8.1,15.9,0,28927
"416",2019,2,20,26,9.8,15.3,0,28971
"417",2019,2,21,33,11.1,13.9,0,30474
"418",2019,2,22,43,8.7,10,0,29703
"419",2019,2,23,43,9.8,9.6,0,29242
"420",2019,2,24,47,7.8,8.4,0,26092
"421",2019,2,25,53,8.9,8.6,0,31480
"422",2019,2,26,58,9.8,7.9,0,34996
"423",2019,2,27,58,10.8,6.8,0,35420
"424",2019,2,28,32,10.7,15.5,4.8,27219
"425",2019,3,1,33,10,9.8,0,28255
"426",2019,3,2,21,11.2,17,0,22795
"427",2019,3,3,14,11.8,25.4,4.4,9641
"428",2019,3,4,17,7.7,25,4.4,26532
"429",2019,3,5,19,8.5,18.7,0.7,29701
"430",2019,3,6,19,11.7,21,3.5,25449
"431",2019,3,7,10,9.2,30.5,0.9,24884
"432",2019,3,8,15,8.5,19,2.6,23635
"433",2019,3,9,18,10.3,26.1,1.8,19951
"434",2019,3,10,11,8,29.2,9.7,12111
"435",2019,3,11,17,7.5,26.5,0,27725
"436",2019,3,12,13,7.9,27.8,7.7,21718
"437",2019,3,13,19,9.2,33.6,0,26816
"438",2019,3,14,16,10.8,30.3,4,23699
"439",2019,3,15,14,13,31.9,2.6,26123
"440",2019,3,16,16,11.5,32.8,3.5,14594
"441",2019,3,17,12,7.6,23.6,1.5,14390
"442",2019,3,18,21,8.4,15.2,0,27824
"443",2019,3,19,27,10,11.4,0.9,27683
"444",2019,3,20,21,11.5,13.3,0,30485
"445",2019,3,21,24,12.3,10.5,0,31307
"446",2019,3,22,23,10.7,12.6,0,28229
"447",2019,3,23,24,10.3,11.4,0,25897
"448",2019,3,24,23,9.1,12.2,0,27408
"449",2019,3,25,22,9.5,16,0,31215
"450",2019,3,26,32,8.7,8.6,0,31955
"451",2019,3,27,27,10.2,6.4,0,31263
"452",2019,3,28,35,11.2,6.8,0,32315
"453",2019,3,29,45,11,7.8,0,35321
"454",2019,3,30,53,12.9,5.1,0,33026
"455",2019,3,31,31,9.5,20.3,0,20325
"456",2019,4,1,25,8.4,14.5,0,31834
"457",2019,4,2,30,7.1,12.2,2.6,24529
"458",2019,4,3,16,5.6,8.4,2.2,27059
"459",2019,4,4,12,6.8,17.5,0.4,25493
"460",2019,4,5,17,10.1,21.3,0,27536
"461",2019,4,6,22,9,15.6,0,20423
"462",2019,4,7,47,9.3,8.3,0.4,16897
"463",2019,4,8,49,10.2,6.5,1.8,26527
"464",2019,4,9,40,9.6,12.3,2.4,25534
"465",2019,4,10,23,8.4,17.5,0,31699
"466",2019,4,11,23,6.8,14.3,0,30961
"467",2019,4,12,22,7,13.2,0,27403
"468",2019,4,13,21,3.3,7,0.9,19856
"469",2019,4,14,25,5.9,15,0,20896
"470",2019,4,15,43,9,18.7,0,30837
"471",2019,4,16,55,11.5,8.8,0.1,31842
"472",2019,4,17,57,12.3,10.5,0,37203
"473",2019,4,18,53,14,14.6,0,36574
"474",2019,4,19,42,15.6,10.6,0,36505
"475",2019,4,20,40,16.2,10.5,0,38712
"476",2019,4,21,40,15.3,12,0,36686
"477",2019,4,22,56,15.4,12.2,0,35435
"478",2019,4,23,45,14.9,11.8,0,34948
"479",2019,4,24,38,13.6,14.8,0.2,34593
"480",2019,4,25,18,12.8,17.6,0,34494
"481",2019,4,26,22,12.4,17,0,32006
"482",2019,4,27,23,10.7,31.4,0.7,18379
"483",2019,4,28,16,10.9,18.7,0.7,22631
"484",2019,4,29,27,10.6,8.8,0,33748
"485",2019,4,30,35,11.5,9.6,0,38908
"486",2019,5,1,30,13,9.2,0,37952
"487",2019,5,2,23,13.2,13.9,5.1,32563
"488",2019,5,3,20,10.3,8.3,2.6,28182
"489",2019,5,4,16,8,16.5,1.5,19806
"490",2019,5,5,24,8.8,10.3,0,22896
"491",2019,5,6,16,10.5,14.1,0,22472
"492",2019,5,7,22,12.3,12,0,34646
"493",2019,5,8,22,11.9,17.7,13.6,20276
"494",2019,5,9,22,11.7,9.5,0.4,28404
"495",2019,5,10,18,12.9,7.5,0.4,34078
"496",2019,5,11,16,11.7,9.2,0.4,25475
"497",2019,5,12,16,11.8,12.1,0,31836
"498",2019,5,13,17,11.7,13.4,0,37537
"499",2019,5,14,17,12.8,17.5,0,39647
"500",2019,5,15,30,13.2,13.3,0,39054
"501",2019,5,16,27,13,17.1,0,38408
"502",2019,5,17,25,12,11.3,0.4,29846
"503",2019,5,18,28,14.1,5.5,2.4,28138
"504",2019,5,19,27,14.7,7.2,0,26727
"505",2019,5,20,27,16.2,8.8,0,36072
"506",2019,5,21,20,16.4,10.4,0,41251
"507",2019,5,22,24,16.7,9.8,0,40312
"508",2019,5,23,23,18.1,13.1,0,41314
"509",2019,5,24,20,17.7,12.8,2.6,37280
"510",2019,5,25,16,18.8,13.5,0,33151
"511",2019,5,26,18,18.6,19.4,1.3,26802
"512",2019,5,27,16,15.7,19.4,0,28309
"513",2019,5,28,15,13.7,14.8,0.2,34443
"514",2019,5,29,20,14,14.8,0.7,31203
"515",2019,5,30,20,19.6,20.1,0.2,39450
"516",2019,5,31,18,18,16.3,0,39017
"517",2019,6,1,20,20.5,10.8,0,40800
"518",2019,6,2,20,22,18.2,0,33865
"519",2019,6,3,21,16.8,18.4,0,37306
"520",2019,6,4,26,15,14.2,2.2,31948
"521",2019,6,5,19,16,14.8,0,38033
"522",2019,6,6,20,15.6,16,0.2,38141
"523",2019,6,7,23,15,19.7,2.9,25122
"524",2019,6,8,22,15.2,26.1,3.1,26656
"525",2019,6,9,24,15.4,10.5,0.4,29311
"526",2019,6,10,14,12.7,10.1,21.3,13358
"527",2019,6,11,17,14.5,9.2,1.5,34285
"528",2019,6,12,20,13.4,7.2,5.3,25449
"529",2019,6,13,19,14.2,19.2,2.6,26617
"530",2019,6,14,21,16.3,17.5,1.5,33837
"531",2019,6,15,20,16.2,14.4,0.4,28235
"532",2019,6,16,16,16.1,17.6,0.4,26102
"533",2019,6,17,20,17.8,15.4,0,38894
"534",2019,6,18,22,16.9,8,4.6,29854
"535",2019,6,19,22,16.9,9,5.5,33190
"536",2019,6,20,20,17.1,17.5,0.4,38345
"537",2019,6,21,16,17,13,0,38656
"538",2019,6,22,15,17.8,14.8,0,36858
"539",2019,6,23,3,18.6,15.3,0,30851
"540",2019,6,24,35,22,9.4,0,38617
"541",2019,6,25,31,20.5,8.7,6.8,38200
"542",2019,6,26,16,17.5,15.2,0,39620
"543",2019,6,27,20,17.1,24.4,0,41692
"544",2019,6,28,27,17.6,25.7,0,39986
"545",2019,6,29,33,24.5,13.3,0,38616
"546",2019,6,30,20,21.3,22.1,0,33990
"547",2019,7,1,15,18.7,19.1,0,39257
"548",2019,7,2,16,17.9,10.7,0,42658
"549",2019,7,3,19,18,11.7,0,43924
"550",2019,7,4,20,20.1,6.8,0,44668
"551",2019,7,5,22,22.6,11.7,0,42466
"552",2019,7,6,16,20.1,9.6,1.1,34018
"553",2019,7,7,17,17.1,13.4,2.2,29889
"554",2019,7,8,22,17.9,13,0,39670
"555",2019,7,9,20,19.3,9.5,0,41447
"556",2019,7,10,19,21.8,13.4,0,42343
"557",2019,7,11,16,22,14.1,0,41916
"558",2019,7,12,13,21.4,17.7,0,41305
"559",2019,7,13,15,19.4,11.3,0,36204
"560",2019,7,14,14,17.8,10.5,3.3,27858
"561",2019,7,15,17,17.1,9,0,39489
"562",2019,7,16,23,20.6,10.7,0,43693
"563",2019,7,17,25,21.4,12.1,0,41959
"564",2019,7,18,12,20,15.8,2.2,34240
"565",2019,7,19,8,18.1,14.4,5.9,25620
"566",2019,7,20,17,20.4,19.8,9.2,31351
"567",2019,7,21,12,19.5,15.7,0,33251
"568",2019,7,22,18,22.1,16,0,40842
"569",2019,7,23,28,25.1,13.7,0,44457
"570",2019,7,24,33,27.1,14.2,1.1,42296
"571",2019,7,25,34,28.9,12.8,0,39323
"572",2019,7,26,23,23.3,12.2,2,31517
"573",2019,7,27,14,18.9,16.4,11,19950
"574",2019,7,28,15,19.2,19.3,0,29319
"575",2019,7,29,17,20.8,14,0,41472
"576",2019,7,30,14,19.3,21,5.5,27449
"577",2019,7,31,12,19.9,22.8,0,38299
"578",2019,8,1,16,20.5,11.4,0,39898
"579",2019,8,2,23,20.2,10.5,0,38278
"580",2019,8,3,22,20.2,9.4,0,39388
"581",2019,8,4,22,21,13.2,0,34341
"582",2019,8,5,19,20.4,17.5,0.9,34041
"583",2019,8,6,21,19.8,19,0.4,39369
"584",2019,8,7,27,19.3,18.3,1.1,37776
"585",2019,8,8,19,20.2,13.3,0,40667
"586",2019,8,9,21,21.5,22,6.4,30719
"587",2019,8,10,23,19.2,30.5,1.3,25956
"588",2019,8,11,17,18.9,21.8,0,29952
"589",2019,8,12,14,15.6,9.6,4,29570
"590",2019,8,13,15,17,15.4,0,39534
"591",2019,8,14,11,16.6,13.1,13.4,19154
"592",2019,8,15,12,19.1,22.7,0,38018
"593",2019,8,16,17,17.3,17,3.7,23388
"594",2019,8,17,16,19.3,18.9,0.2,29360
"595",2019,8,18,16,17.7,16.4,4.8,24122
"596",2019,8,19,22,17.4,19.1,0.4,33048
"597",2019,8,20,19,17.4,15.1,0,39255
"598",2019,8,21,20,18.1,11.7,0,38251
"599",2019,8,22,21,19.2,14.1,0,38056
"600",2019,8,23,26,20.8,9.5,0,35995
"601",2019,8,24,41,21.8,9.3,0,30776
"602",2019,8,25,46,23.9,10.3,0,31355
"603",2019,8,26,37,25.1,8.7,0,33150
"604",2019,8,27,39,25.6,8.6,0,37597
"605",2019,8,28,20,21.8,14.5,0.2,36576
"606",2019,8,29,16,19,16.3,0,38337
"607",2019,8,30,20,19.2,14.8,0,37147
"608",2019,8,31,18,18.5,13.7,0.1,30847
"609",2019,9,1,12,17.2,15,17.6,29486
"610",2019,9,2,20,17,16,0,35280
"611",2019,9,3,18,18.4,18.2,0,37229
"612",2019,9,4,15,17.8,23.3,5.9,33933
"613",2019,9,5,15,15.5,16.4,0,36722
"614",2019,9,6,20,15.2,15.7,0.1,31798
"615",2019,9,7,14,15.1,12.8,0,28038
"616",2019,9,8,17,13.7,8.2,0,27969
"617",2019,9,9,19,14.4,9,0.1,29440
"618",2019,9,10,29,16,7.4,0,36814
"619",2019,9,11,19,18,19.4,0,35787
"620",2019,9,12,19,19.2,19.1,0,38252
"621",2019,9,13,21,17.7,12.6,0,37354
"622",2019,9,14,26,16.8,6.5,0,34966
"623",2019,9,15,22,19.6,10,0,33698
"624",2019,9,16,29,18.1,9.3,0.4,32747
"625",2019,9,17,17,15.4,10.5,0,39025
"626",2019,9,18,22,14.1,8.3,0,38751
"627",2019,9,19,23,15.4,9.4,0,38271
"628",2019,9,20,29,15.8,18.3,0,37699
"629",2019,9,21,37,17.4,19.4,0,36479
"630",2019,9,22,26,18.4,11.6,1.8,24154
"631",2019,9,23,19,17,15.9,1.1,30941
"632",2019,9,24,26,17.5,15.7,32,21563
"633",2019,9,25,18,17.8,18.4,2.2,32427
"634",2019,9,26,16,17.9,19.1,2.9,28976
"635",2019,9,27,18,16,19.4,6.6,29557
"636",2019,9,28,13,16,21.7,4,24960
"637",2019,9,29,11,16.8,24.5,4,15478
"638",2019,9,30,16,15.3,14.5,7,27787
"639",2019,10,1,18,16.2,13.5,3.7,24631
"640",2019,10,2,13,11.3,13.6,0,33923
"641",2019,10,3,24,10.8,10.8,0.9,32707
"642",2019,10,4,26,14.5,17.4,1.1,32314
"643",2019,10,5,19,14,10.4,0,26578
"644",2019,10,6,14,15,20.9,15.2,21690
"645",2019,10,7,18,13.7,11,1.8,28418
"646",2019,10,8,26,14.7,18.4,4.8,32894
"647",2019,10,9,19,13,21.9,0.2,34874
"648",2019,10,10,22,13.8,22.3,0,35641
"649",2019,10,11,16,16.3,23,7.5,25222
"650",2019,10,12,15,12.3,8.5,9,10047
"651",2019,10,13,16,14.7,17.1,3.5,16040
"652",2019,10,14,21,13.9,14.5,4,22519
"653",2019,10,15,19,13.8,12.9,0,34372
"654",2019,10,16,23,14.1,13.9,0.7,30763
"655",2019,10,17,21,12.8,11.5,3.3,30259
"656",2019,10,18,20,12.8,18.8,7.5,29675
"657",2019,10,19,19,12.4,13.5,0,25400
"658",2019,10,20,17,10.1,8.8,0,20545
"659",2019,10,21,14,12,12.5,0.7,24215
"660",2019,10,22,27,11.5,7.1,0,33916
"661",2019,10,23,39,10.5,8.1,0,31786
"662",2019,10,24,32,12.6,8.7,9.5,23489
"663",2019,10,25,20,14.2,17.5,0.2,28988
"664",2019,10,26,18,14.7,22,3.7,14397
"665",2019,10,27,19,9.4,11.4,0,22155
"666",2019,10,28,39,8,7.2,0,30208
"667",2019,10,29,17,9.4,12.8,0,31225
"668",2019,10,30,24,10.1,18.1,0,32157
"669",2019,10,31,36,9,15,0,30951
"670",2019,11,1,41,13.6,12.2,0,25128
"671",2019,11,2,29,13.1,24.9,4,14557
"672",2019,11,3,32,10.5,10.2,0,18356
"673",2019,11,4,33,10.5,7,1.5,29198
"674",2019,11,5,20,9.9,9.2,0.7,31016
"675",2019,11,6,30,8.1,9.7,0,30745
"676",2019,11,7,19,8.8,16.2,9.2,30244
"677",2019,11,8,29,6.5,9.3,1.1,26194
"678",2019,11,9,32,6.1,14.2,6.6,12350
"679",2019,11,10,22,8.4,10.4,0.7,18491
"680",2019,11,11,19,8.3,19.2,3.7,28080
"681",2019,11,12,21,7,22.8,1.5,27391
"682",2019,11,13,20,7.5,15.2,0.7,29661
"683",2019,11,14,17,7,13.2,7.7,28649
"684",2019,11,15,19,7,12.3,1.3,21318
"685",2019,11,16,23,6.9,6.3,0.2,18553
"686",2019,11,17,33,6.6,3.8,0.2,18082
"687",2019,11,18,16,7.3,11.3,0.4,28521
"688",2019,11,19,39,4.3,7.6,0,28760
"689",2019,11,20,25,5.8,16.4,0,29437
"690",2019,11,21,30,4.9,18.4,0.7,27064
"691",2019,11,22,22,8.7,16.5,4.2,24865
"692",2019,11,23,23,9.7,16.7,0.9,14904
"693",2019,11,24,20,9.8,6.6,0.2,15599
"694",2019,11,25,17,10.9,10.8,1.3,25722
"695",2019,11,26,11,12.3,12.7,0.9,26982
"696",2019,11,27,15,11.2,11.6,8.1,26575
"697",2019,11,28,14,9.6,15.9,1.8,26030
"698",2019,11,29,21,5.8,6.4,0.9,28463
"699",2019,11,30,26,4.3,9.2,0.2,18176
"700",2019,12,1,12,5.5,11,0,14242
"701",2019,12,2,26,3.9,8.2,0,27306
"702",2019,12,3,35,6.2,9.8,0,29645
"703",2019,12,4,45,5.3,6.2,0,29458
"704",2019,12,5,40,6.4,16.1,0,28547
"705",2019,12,6,17,12,27,7,21917
"706",2019,12,7,18,10.2,18.6,0,19235
"707",2019,12,8,15,10.2,28,2.4,15139
"708",2019,12,9,17,8.3,21.1,1.1,27089
"709",2019,12,10,19,8.4,21.6,4.2,24198
"710",2019,12,11,22,7,15.9,0,27414
"711",2019,12,12,22,6.6,15.3,8.8,19740
"712",2019,12,13,18,8,24.8,5.9,23189
"713",2019,12,14,19,7.3,23.9,11,14862
"714",2019,12,15,15,8.5,20.9,4.6,14077
"715",2019,12,16,20,8.6,11.5,1.3,24344
"716",2019,12,17,17,7.5,8.7,5.3,19747
"717",2019,12,18,22,7.7,12.2,2.4,24745
"718",2019,12,19,19,12.4,19.5,7.5,21679
"719",2019,12,20,15,9.2,13.1,15.2,14451
"720",2019,12,21,14,9.1,15.3,7.5,9370
"721",2019,12,22,14,9.1,17.6,1.8,10407
"722",2019,12,23,18,8.9,18.7,0,15878
"723",2019,12,24,17,10.1,19.2,2,10478
"724",2019,12,25,16,6.9,10.5,0,34674
"725",2019,12,26,17,7.5,18.3,4.4,5649
"726",2019,12,27,20,8.3,9.3,0,11718
"727",2019,12,28,23,8.3,8,0,11414
"728",2019,12,29,23,8,10,0,12256
"729",2019,12,30,NA,7.2,10.8,0,16166
"730",2019,12,31,NA,7.8,12.2,0.2,13043
"731",2020,1,1,41,5.2,6.5,0,11141
"732",2020,1,2,16,9.3,14.5,0,18675
"733",2020,1,3,15,9.3,19.5,1.2,18434
"734",2020,1,4,16,7.3,16.8,0,15695
"735",2020,1,5,11,8.5,13.7,0,12977
"736",2020,1,6,9,8.5,18.3,0.5,23771
"737",2020,1,7,14,10.2,17.4,0,27548
"738",2020,1,8,21,12.2,16.5,0,28267
"739",2020,1,9,37,12.2,21.2,6.4,26621
"740",2020,1,10,12,7.2,14.8,0,26844
"741",2020,1,11,17,10,21.5,0.1,18206
"742",2020,1,12,12,10.4,22.1,1.7,16501
"743",2020,1,13,13,9.6,21.1,5.3,23838
"744",2020,1,14,9,11.2,25.1,1.7,23018
"745",2020,1,15,10,9.8,19.4,9.1,22496
"746",2020,1,16,16,10.3,17.5,3,26302
"747",2020,1,17,13,8.9,18.3,1.7,25806
"748",2020,1,18,20,5.3,12.8,0,19812
"749",2020,1,19,26,4.7,7,0,17915
"750",2020,1,20,44,4.8,7.6,0,28248
"751",2020,1,21,41,4.1,7.6,0,28829
"752",2020,1,22,30,6.2,4.8,0,27721
"753",2020,1,23,27,7.8,4.5,0,28416
"754",2020,1,24,27,7.2,5.4,0,26408
"755",2020,1,25,35,6.4,9.5,0.1,18190
"756",2020,1,26,27,9.2,13.9,2.3,12849
"757",2020,1,27,13,8.5,12.8,8.4,23481
"758",2020,1,28,16,5.7,24.9,2.1,28215
"759",2020,1,29,23,6.8,22.3,0,28955
"760",2020,1,30,15,10.8,17.9,0.5,27962
"761",2020,1,31,13,11.6,21.6,1,26373
"762",2020,2,1,22,10.9,27.7,0,20286
"763",2020,2,2,22,11,20.5,7.1,16214
"764",2020,2,3,24,10.3,23.1,0.1,28264
"765",2020,2,4,23,7.8,24.5,0,29470
"766",2020,2,5,39,6.7,7.5,0,29709
"767",2020,2,6,42,5.9,6.9,0,29476
"768",2020,2,7,41,6.3,12.4,0,28233
"769",2020,2,8,26,10,16.8,1.5,21802
"770",2020,2,9,16,11.4,38.5,10.6,6474
"771",2020,2,10,18,7.9,34.7,5.5,21872
"772",2020,2,11,21,6.1,33.2,0,27194
"773",2020,2,12,19,6.2,23.2,0.5,27944
"774",2020,2,13,17,8.2,20.5,6.6,25451
"775",2020,2,14,28,9.1,16.5,0,26503
"776",2020,2,15,12,12.4,28.4,4.9,9828
"777",2020,2,16,10,11,30.5,15.6,6510
"778",2020,2,17,21,8.7,26.3,0.2,25727
"779",2020,2,18,18,7.6,23.3,3.3,25245
"780",2020,2,19,20,7.1,20.2,1,24292
"781",2020,2,20,13,8.8,25.3,3.8,22656
"782",2020,2,21,23,8.5,25.9,0,24879
"783",2020,2,22,22,11.6,34.5,0.5,18655
"784",2020,2,23,13,11.7,26.1,1,14073
"785",2020,2,24,12,10.2,24.9,6.1,23510
"786",2020,2,25,17,7,23.6,0.5,27093
"787",2020,2,26,17,5.6,23.6,0.1,28056
"788",2020,2,27,16,5.2,16.4,8.6,20355
"789",2020,2,28,18,7.3,17.3,5.9,18673
"790",2020,2,29,23,8.6,29.1,7.1,12537
"791",2020,3,1,15,7.7,24.3,0,16823
"792",2020,3,2,13,6.6,14,4.3,26481
"793",2020,3,3,26,6.5,15.4,0,29205
"794",2020,3,4,22,6.1,11.2,3,23387
"795",2020,3,5,20,6.4,16.4,12.4,17022
"796",2020,3,6,28,6.7,11.5,0,27941
"797",2020,3,7,29,8.5,16.6,0,20212
"798",2020,3,8,16,10.5,23.7,4.3,14909
"799",2020,3,9,17,8.3,20.9,6.3,22847
"800",2020,3,10,10,13.4,27.6,1.3,28182
"801",2020,3,11,14,11.8,22.3,1,29708
"802",2020,3,12,19,8.4,30.9,1,26838
"803",2020,3,13,18,8.9,19.6,0,25231
"804",2020,3,14,13,10.1,15.1,3.6,18729
"805",2020,3,15,10,10.5,19.5,1.3,13259
"806",2020,3,16,14,9.2,11.2,0,24351
"807",2020,3,17,15,10.2,16,0,19262
"808",2020,3,18,19,12.3,18.6,0,17397
"809",2020,3,19,22,8.1,12.8,0.5,13360
"810",2020,3,20,17,7.8,20.6,0,13686
"811",2020,3,21,19,7.3,25.4,0,17539
"812",2020,3,22,20,7,22.2,0,16220
"813",2020,3,23,26,7,19.2,0,11631
"814",2020,3,24,25,8.8,10.9,0,10160
"815",2020,3,25,36,7.4,11.8,0,10636
"816",2020,3,26,47,6.9,14.2,0,10970
"817",2020,3,27,42,8.2,13.8,0,11022
"818",2020,3,28,30,7.7,16.1,0.1,12931
"819",2020,3,29,25,5.5,17.9,0.1,7332
"820",2020,3,30,NA,6.3,11.6,0.2,6983
"821",2020,3,31,NA,6.5,14.5,0,9087
"822",2020,4,1,18,6.3,7.6,0,9190
"823",2020,4,2,14,10.5,14.9,0,9896
"824",2020,4,3,20,10.8,9,0,11136
"825",2020,4,4,21,11.1,11.5,0,22102
"826",2020,4,5,17,14.8,17.8,0,28899
"827",2020,4,6,18,15,13.2,0.2,10559
"828",2020,4,7,30,13,10.7,0,14768
"829",2020,4,8,52,14.5,11.2,0,13656
"830",2020,4,9,54,14.2,15,0,17448
"831",2020,4,10,46,13.7,16.6,0,27287
"832",2020,4,11,38,15.6,10.2,0,33448
"833",2020,4,12,29,17.8,9,0.1,29526
"834",2020,4,13,19,9.3,24.3,0,18010
"835",2020,4,14,18,8.2,13.6,0,14618
"836",2020,4,15,31,10,11.2,0,18061
"837",2020,4,16,51,12.2,12,0,16656
"838",2020,4,17,23,11.2,23.3,0.8,11208
"839",2020,4,18,27,10.3,10.5,1.7,20323
"840",2020,4,19,23,11.7,14.9,0,39984
"841",2020,4,20,31,12.1,21.4,0,17444
"842",2020,4,21,32,13.4,23.2,0,18736
"843",2020,4,22,32,14.2,16,0,21162
"844",2020,4,23,36,14.6,11.7,0,23858
"845",2020,4,24,35,14.3,9.9,0,23358
"846",2020,4,25,21,10.4,17,0,38041
"847",2020,4,26,22,13.3,8.1,0,39088
"848",2020,4,27,29,13.9,11.1,0,17194
"849",2020,4,28,12,9.2,18.4,13.1,4871
"850",2020,4,29,17,11,12.6,1.5,11422
"851",2020,4,30,14,10.4,18.1,10.9,9109
"852",2020,5,1,15,11.3,18.2,5.3,14657
"853",2020,5,2,12,12.5,14.9,0,38468
"854",2020,5,3,15,12.9,9.9,0,26976
"855",2020,5,4,20,12.8,16.6,0,18327
"856",2020,5,5,18,11.1,26.5,0,18500
"857",2020,5,6,24,11.5,14.3,0,23338
"858",2020,5,7,29,15.4,8.6,0,27378
"859",2020,5,8,22,18.2,8,0,43656
"860",2020,5,9,38,17.8,12.8,0,48724
"861",2020,5,10,27,13.1,16.7,0,23527
"862",2020,5,11,20,8.7,19.2,0,13360
"863",2020,5,12,17,10,8.3,0,20108
"864",2020,5,13,15,9.7,14.3,0,16878
"865",2020,5,14,13,9,13.3,0,20434
"866",2020,5,15,18,12.8,7.7,0,28349
"867",2020,5,16,17,13.7,10,0,46217
"868",2020,5,17,15,15.7,13.3,0,51411
"869",2020,5,18,16,17.8,18,0,29581
"870",2020,5,19,16,19.9,13.3,0,35510
"871",2020,5,20,16,22,9.3,0,42805
"872",2020,5,21,12,22.2,8.5,0,36165
"873",2020,5,22,19,19.5,22.9,0,36798
"874",2020,5,23,18,15.5,28.2,0.2,40748
"875",2020,5,24,16,16.9,18.6,0,55780
"876",2020,5,25,17,19.8,8.6,0,67000
"877",2020,5,26,18,20.6,10.3,0,38353
"878",2020,5,27,19,18.6,12.5,0,38295
"879",2020,5,28,22,16.3,20.6,0,40653
"880",2020,5,29,25,16.5,17.9,0,45645
"881",2020,5,30,25,17.5,17.4,0,70074
"882",2020,5,31,22,18.4,19.8,0,62905
"883",2020,6,1,19,18.5,13.8,0,38362
"884",2020,6,2,19,19.1,9.3,0,45512
"885",2020,6,3,24,16.8,10.4,0.1,28908
"886",2020,6,4,13,13.5,16.7,0,27745
"887",2020,6,5,13,13.5,22.5,0.2,28578
"888",2020,6,6,14,11.4,24.1,9.9,27721
"889",2020,6,7,12,13.4,12.4,0.2,39208
"890",2020,6,8,19,13,11.9,0,28841
"891",2020,6,9,20,14.6,9.1,0,36692
"892",2020,6,10,19,13.8,10.6,1.3,16955
"893",2020,6,11,16,15,18.3,0.2,24699
"894",2020,6,12,25,16.9,19.6,0.2,26980
"895",2020,6,13,16,18.8,17.8,0.1,65022
"896",2020,6,14,16,19,11.9,0,57494
"897",2020,6,15,12,19.3,8,0,37978
"898",2020,6,16,13,19.5,9.2,0,37745
"899",2020,6,17,14,18.7,6.9,2.1,26510
"900",2020,6,18,13,16.9,11.7,20.7,25654
"901",2020,6,19,15,16.9,17.5,0.8,36573
"902",2020,6,20,14,18.1,14.7,0,64022
"903",2020,6,21,13,18.8,19.2,1,45468
"904",2020,6,22,22,18.6,14.7,0,42984
"905",2020,6,23,23,21.5,11,0,48259
"906",2020,6,24,31,23.4,17.9,0,52094
"907",2020,6,25,32,24.1,17.4,0,52345
"908",2020,6,26,28,23.3,13,0.5,50940
"909",2020,6,27,11,18.1,21,2.3,41337
"910",2020,6,28,12,16.6,23.9,5.5,42193
"911",2020,6,29,15,16.6,27.3,0,32523
"912",2020,6,30,12,16.7,17.7,0,28679
"913",2020,7,1,12,18.2,15.5,1.3,31467
"914",2020,7,2,11,16.9,15.5,5.9,28048
"915",2020,7,3,9,17.4,22.2,0.8,37411
"916",2020,7,4,10,18.3,24.5,1.4,42158
"917",2020,7,5,13,18.9,33,0,47215
"918",2020,7,6,14,16.7,21.8,0,33682
"919",2020,7,7,14,17.2,12.2,4.6,32202
"920",2020,7,8,11,17.3,12.4,7.6,22304
"921",2020,7,9,13,18.2,17.8,3.6,26121
"922",2020,7,10,11,16,16.6,0.5,38129
"923",2020,7,11,12,16.6,11.8,0,51348
"924",2020,7,12,16,18.8,7.8,0,49637
"925",2020,7,13,15,20.4,14.1,0.2,35307
"926",2020,7,14,9,18.4,11,1,35213
"927",2020,7,15,9,17.4,12.6,0,34117
"928",2020,7,16,9,19.2,14.2,0,37394
"929",2020,7,17,16,23.2,11.4,0,46718
"930",2020,7,18,11,20.9,14.7,0,56637
"931",2020,7,19,9,18.1,11.3,0.5,33962
"932",2020,7,20,13,17.3,9.1,0,39234
"933",2020,7,21,12,17.6,8.3,0,40527
"934",2020,7,22,13,20.2,12,0,41558
"935",2020,7,23,16,20.5,15.9,0,40093
"936",2020,7,24,12,20.8,15,0,40907
"937",2020,7,25,9,18.9,17.1,4.3,24806
"938",2020,7,26,11,18.1,18.2,3,34183
"939",2020,7,27,9,18.6,18.4,1.7,23873
"940",2020,7,28,10,17.8,21.8,0,37855
"941",2020,7,29,15,18.7,12.5,0,41123
"942",2020,7,30,16,22.5,10,0,43059
"943",2020,7,31,36,25.8,17.2,0,43130
"944",2020,8,1,15,22.2,18.1,0,49579
"945",2020,8,2,13,19.8,17.4,0,44086
"946",2020,8,3,12,19,12.7,0.1,36811
"947",2020,8,4,16,19.2,13.4,0,41420
"948",2020,8,5,12,21.2,19.6,0,42665
"949",2020,8,6,13,23.4,11,0,41163
"950",2020,8,7,21,26.5,6.9,0,43332
"951",2020,8,8,25,26,10,0,47654
"952",2020,8,9,23,24,13.6,0,44687
"953",2020,8,10,31,25.7,13.8,0,40027
"954",2020,8,11,44,26.7,10,0,43123
"955",2020,8,12,50,26.5,12.7,0,41949
"956",2020,8,13,29,23.3,9.6,1,34291
"957",2020,8,14,19,18.9,8.9,1.7,30311
"958",2020,8,15,19,19.2,7.4,6.9,30825
"959",2020,8,16,24,20.7,7.7,13.8,32716
"960",2020,8,17,13,19.6,10,1.7,32054
"961",2020,8,18,12,20.4,14.7,0.6,39680
"962",2020,8,19,9,19.2,12.2,11.5,20681
"963",2020,8,20,23,21.8,15.8,0,42879
"964",2020,8,21,20,21.1,26.6,0,35546
"965",2020,8,22,17,19.5,23.9,0,44587
"966",2020,8,23,11,18.6,21.5,0,37221
"967",2020,8,24,14,17.8,15.1,0,31635
"968",2020,8,25,12,18.6,26.8,6.6,27199
"969",2020,8,26,13,19.1,26.1,0,41178
"970",2020,8,27,16,16.6,14.2,4.8,23755
"971",2020,8,28,11,15.7,15.2,2.8,27681
"972",2020,8,29,12,13.7,18.8,0.2,29066
"973",2020,8,30,16,14.6,14.9,0,35216
"974",2020,8,31,13,14.3,5.7,0,39847
"975",2020,9,1,20,15.4,6.5,0,36663
"976",2020,9,2,21,16.4,10.8,0.8,31798
"977",2020,9,3,16,19.3,20.1,1.5,30828
"978",2020,9,4,19,16.8,17,0.5,35991
"979",2020,9,5,18,15.6,14.6,0,42628
"980",2020,9,6,16,15.8,9.9,0,39964
"981",2020,9,7,17,16.9,14.5,0,32942
"982",2020,9,8,11,20.4,15.2,0,38501
"983",2020,9,9,10,19,13.8,0,39419
"984",2020,9,10,15,15.6,5.7,0,40260
"985",2020,9,11,18,15.7,11.9,0,38338
"986",2020,9,12,11,17.6,16.4,0,47604
"987",2020,9,13,11,19.2,12.5,0,47135
"988",2020,9,14,29,19.8,11,0,31627
"989",2020,9,15,49,22.1,7.3,0,43586
"990",2020,9,16,36,21.1,13.7,0,43344
"991",2020,9,17,22,16.6,19.2,0,42025
"992",2020,9,18,21,16.2,18,0,42095
"993",2020,9,19,17,18.2,16.8,0,51750
"994",2020,9,20,10,18.6,13.7,0,47816
"995",2020,9,21,16,17.4,5.3,0,38762
"996",2020,9,22,18,19.6,12.8,0,46176
"997",2020,9,23,9,16.8,17.1,5.3,30727
"998",2020,9,24,6,12.2,14.2,4,32990
"999",2020,9,25,11,11.9,26.1,1.7,30829
"1000",2020,9,26,15,10.9,23.6,0.5,34338
"1001",2020,9,27,13,12.3,18.4,0,26681
"1002",2020,9,28,17,14.4,13.7,0,33130
"1003",2020,9,29,16,16.3,8.6,5.1,32104
"1004",2020,9,30,14,15,13,4,27195
"1005",2020,10,1,10,13.7,14,0.5,34437
"1006",2020,10,2,11,13.3,26.5,31,12205
"1007",2020,10,3,13,14.3,12.1,34,21901
"1008",2020,10,4,7,10.8,18,23,8778
"1009",2020,10,5,13,13.4,19.5,1.5,25745
"1010",2020,10,6,12,13.9,22,6.3,30722
"1011",2020,10,7,16,13.2,18.3,3,34221
"1012",2020,10,8,12,15.4,18.1,7.8,29144
"1013",2020,10,9,17,11.3,14.6,2.1,29387
"1014",2020,10,10,13,10.5,18.5,0.8,34832
"1015",2020,10,11,11,11.3,12.1,0,34115
"1016",2020,10,12,16,10.6,9.1,5.3,21307
"1017",2020,10,13,13,10.1,11.2,4.6,20946
"1018",2020,10,14,10,11.3,12.3,2.1,29588
"1019",2020,10,15,12,10.4,10.7,0.5,30106
"1020",2020,10,16,11,10.5,6.2,0,33853
"1021",2020,10,17,10,11.1,6.8,0,34161
"1022",2020,10,18,15,11.4,5,0,31537
"1023",2020,10,19,15,12.9,13.6,0,29218
"1024",2020,10,20,15,15.9,16.4,0.8,32560
"1025",2020,10,21,11,15.1,13.4,17,17838
"1026",2020,10,22,12,14,14.6,0,31980
"1027",2020,10,23,12,13.3,13.8,0,32322
"1028",2020,10,24,7,13.5,19,7.6,26243
"1029",2020,10,25,7,11.1,14.2,2.1,27452
"1030",2020,10,26,10,10.7,15.1,0.8,29566
"1031",2020,10,27,11,10.9,15.7,2.5,21481
"1032",2020,10,28,11,10.7,18.3,1,27734
"1033",2020,10,29,10,12.7,20.5,3.6,21953
"1034",2020,10,30,12,16,21.4,1.3,29401
"1035",2020,10,31,18,14.3,18.9,6.6,23242
"1036",2020,11,1,13,15.5,22.5,0.2,25619
"1037",2020,11,2,11,15,30.3,1,27661
"1038",2020,11,3,13,9.1,18.3,2.8,28621
"1039",2020,11,4,18,7.7,6.7,0,36967
"1040",2020,11,5,46,6.7,6,0,19757
"1041",2020,11,6,46,7.7,10.5,0.2,21845
"1042",2020,11,7,29,10,8.8,0,40467
"1043",2020,11,8,29,12.9,6.5,1.5,31315
"1044",2020,11,9,13,14.3,6.7,2.3,19954
"1045",2020,11,10,16,13.3,7.4,1.3,24858
"1046",2020,11,11,15,12.5,13.1,2.3,23660
"1047",2020,11,12,17,11.8,17.6,0,25864
"1048",2020,11,13,21,11.8,11.5,0.5,25761
"1049",2020,11,14,17,13.7,16.7,5.3,15486
"1050",2020,11,15,13,12,20.6,10.6,22683
"1051",2020,11,16,17,11.2,20.5,1.3,19150
"1052",2020,11,17,17,13.8,20.1,0.2,23522
"1053",2020,11,18,20,13.3,20.5,0.2,23009
"1054",2020,11,19,17,9.1,19.3,1.3,20453
"1055",2020,11,20,18,7.5,11.6,1,18222
"1056",2020,11,21,15,11.9,22.3,0,35352
"1057",2020,11,22,15,10.8,11.6,0.2,35314
"1058",2020,11,23,26,7.9,7.3,0,21672
"1059",2020,11,24,18,11.4,13.3,0,22766
"1060",2020,11,25,24,11.1,11.6,0,22099
"1061",2020,11,26,25,7.7,4.6,0,23690
"1062",2020,11,27,32,4.4,5.6,0.2,23658
"1063",2020,11,28,44,9.4,11.8,0,34390
"1064",2020,11,29,38,8.4,7,0,27085
"1065",2020,11,30,28,8.1,16.6,0,19167
"1066",2020,12,1,17,7.1,14,0,22282
"1067",2020,12,2,29,5.8,8.9,0,24615
"1068",2020,12,3,20,6.4,10.5,15.4,14619
"1069",2020,12,4,16,5,15.7,3.8,22624
"1070",2020,12,5,18,5.2,13.3,0,31470
"1071",2020,12,6,21,4.2,6.6,1.3,20583
"1072",2020,12,7,24,2,5.7,0.8,19778
"1073",2020,12,8,30,4,6.5,2.3,21625
"1074",2020,12,9,27,6.2,12.4,1.7,23013
"1075",2020,12,10,20,7,14.1,0.2,23516
"1076",2020,12,11,20,9.8,7.5,7.6,24943
"1077",2020,12,12,22,8.8,15.8,0,29258
"1078",2020,12,13,11,8,12.9,3.6,13220
"1079",2020,12,14,16,11.5,17.1,9.3,15959
"1080",2020,12,15,17,10.2,12.5,0,26241
"1081",2020,12,16,15,9.9,14.7,2.5,17574
"1082",2020,12,17,22,10.3,13.3,0.2,22945
"1083",2020,12,18,18,12.1,21.3,0.5,18542
"1084",2020,12,19,15,11.2,18.8,2.8,16643
"1085",2020,12,20,14,9.1,15.8,1.5,17397
"1086",2020,12,21,16,11.8,16.9,6.1,11190
"1087",2020,12,22,19,11.8,14.3,1,14805
"1088",2020,12,23,16,11.9,10.3,3.3,13215
"1089",2020,12,24,10,5.7,19,1.5,15630
"1090",2020,12,25,10,3.3,14,0,17741
"1091",2020,12,26,7,7.4,21.5,0,12557
"1092",2020,12,27,10,7.3,20.9,11.4,17726
"1093",2020,12,28,13,2.9,8.3,0,12631
"1094",2020,12,29,17,3.3,10.9,0,14666
"1095",2020,12,30,17,3.5,10.5,0,17079
"1096",2020,12,31,21,1,8.1,0,15004
"1097",2021,1,1,54,2.6,9.2,0,10981
"1098",2021,1,2,36,4.1,8.5,0.5,17560
"1099",2021,1,3,29,3.8,9.3,0.2,13616
"1100",2021,1,4,10,4.3,15.3,0.1,10374
"1101",2021,1,5,11,3.7,12.3,0.7,9566
"1102",2021,1,6,11,4.2,9.6,0.1,12382
"1103",2021,1,7,20,1.9,10.5,0,12593
"1104",2021,1,8,27,0.5,6.8,0,11387
"1105",2021,1,9,28,1.1,5.5,0,19696
"1106",2021,1,10,21,1.4,11.3,0,13796
"1107",2021,1,11,18,7.3,20.7,1.1,11687
"1108",2021,1,12,14,7.3,14.9,5,11761
"1109",2021,1,13,21,6.3,9,4.1,8589
"1110",2021,1,14,11,4.4,17.3,25.2,6731
"1111",2021,1,15,23,2.5,6.2,0,13989
"1112",2021,1,16,16,5.7,14,5.3,12296
"1113",2021,1,17,17,6.5,18.2,0,24892
"1114",2021,1,18,21,5.8,15.4,0,12987
"1115",2021,1,19,11,10.8,25.9,3.6,12765
"1116",2021,1,20,12,10.2,26.4,2.6,9216
"1117",2021,1,21,12,7,23.9,0,15093
"1118",2021,1,22,17,4.7,13.4,0,16854
"1119",2021,1,23,16,2.7,12.1,0.2,24456
"1120",2021,1,24,14,0.9,10.8,4,6632
"1121",2021,1,25,16,2.2,14.9,1,13250
"1122",2021,1,26,15,3.8,13,2.2,10898
"1123",2021,1,27,16,8.4,8.8,4.8,12479
"1124",2021,1,28,14,10.9,16.4,19.9,13783
"1125",2021,1,29,15,9.7,19.9,4.8,14807
"1126",2021,1,30,13,5.3,24.1,13,7915
"1127",2021,1,31,17,2.8,16.3,0.5,16730
