year,month,day,dust,temp,wind,rain
2018,1,1,18,7.8,22.6,1.1
2018,1,2,26,8.5,19.6,12.8
2018,1,3,29,9.9,38.8,2.4
2018,1,4,22,8.9,25.6,10.3
2018,1,5,25,7.5,17.9,0
2018,1,6,27,4.3,10.3,0
2018,1,7,17,4,18.6,0
2018,1,8,28,5,23.6,0
2018,1,9,38,5.8,11.8,0
2018,1,10,33,8.4,13.8,0.7
2018,1,11,34,7.2,7.9,0.2
2018,1,12,32,7.3,8.4,0.7
2018,1,13,30,6.2,17,0
2018,1,14,35,6,10.2,0
2018,1,15,19,8.9,26.3,9
2018,1,16,17,6.4,30,0
2018,1,17,22,5.9,31.5,1.1
2018,1,18,21,8.7,35.3,1.3
2018,1,19,33,4.8,22.5,0
2018,1,20,20,4.2,12.7,5.3
2018,1,21,22,4.3,11.8,12.3
2018,1,22,24,9.9,17.4,0
2018,1,23,20,11.3,19.4,0.4
2018,1,24,18,10.9,27.3,11.4
2018,1,25,29,8.5,18.1,0
2018,1,26,37,6.3,7.5,0
2018,1,27,26,8.3,17.1,0.9
2018,1,28,17,12,25.1,0
2018,1,29,19,10.9,26.1,0.7
2018,1,30,35,6.3,11.3,0.7
2018,1,31,20,7.7,27.4,1.8
2018,2,1,23,5.8,25.1,1.1
2018,2,2,28,6,17.9,0
2018,2,3,23,5,8.1,4.8
2018,2,4,15,4.1,13,0
2018,2,5,22,3.1,12.1,0
2018,2,6,37,2.6,11.5,0
2018,2,7,45,3,11.3,0
2018,2,8,35,4.3,15.2,0
2018,2,9,22,5.8,24.1,7.7
2018,2,10,24,5.3,19.9,3.7
2018,2,11,12,6.3,30.4,1.5
2018,2,12,26,3.9,19,0
2018,2,13,18,4.8,18.8,2.4
2018,2,14,22,5,17.3,8.4
2018,2,15,28,8.5,18.6,0.4
2018,2,16,36,6.1,12.8,0
2018,2,17,37,6.2,7.3,0
2018,2,18,31,6.9,8.6,0
2018,2,19,29,9.2,10.8,1.8
2018,2,20,20,8.2,14.8,0.4
2018,2,21,48,4.8,8.5,0
2018,2,22,34,3.9,16.1,0
2018,2,23,31,2.7,19.8,0
2018,2,24,39,3,25.5,0
2018,2,25,22,2.1,23.6,0
2018,2,26,31,0.5,19.7,0.6
2018,2,27,36,-1.4,11.1,0.6
2018,2,28,27,-3,20.2,5.5
2018,3,1,42,-1.5,36.9,2.9
2018,3,2,48,-0.3,34.9,2.2
2018,3,3,64,2.5,25.8,0.7
2018,3,4,31,6.2,11.4,0.2
2018,3,5,26,7.9,16.9,0.4
2018,3,6,27,8.3,12.2,0.4
2018,3,7,29,6.9,12.8,3.3
2018,3,8,22,7.7,24.2,1.3
2018,3,9,31,7.3,11.1,7.3
2018,3,10,29,12.2,15,0.2
2018,3,11,33,8.4,14.1,2.4
2018,3,12,22,8.8,17.6,5.7
2018,3,13,26,8.2,14.8,0
2018,3,14,21,9.2,20.1,0
2018,3,15,21,10,17.2,4.8
2018,3,16,30,10.6,13.7,1.5
2018,3,17,25,1.8,22.6,4.4
2018,3,18,31,0.7,25.5,3.3
2018,3,19,36,1.7,18.3,0
2018,3,20,33,5,12.5,0.1
2018,3,21,35,6.4,14.9,0
2018,3,22,32,8.2,20.1,0
2018,3,23,37,9.7,20.6,0
2018,3,24,42,8.1,10.2,1.3
2018,3,25,45,9.1,5.4,0
2018,3,26,35,9.6,9.6,0
2018,3,27,23,9.7,16.9,4.4
2018,3,28,22,6.6,13.5,11.7
2018,3,29,26,6.6,14.8,3.5
2018,3,30,17,6.6,17.2,10.8
2018,3,31,17,6.5,15.7,2.6
2018,4,1,17,6.2,12.9,0
2018,4,2,17,9.3,14.9,13.6
2018,4,3,21,12,20,1.8
2018,4,4,21,10.8,23.5,0.2
2018,4,5,16,8.7,18.1,0
2018,4,6,25,10.9,18,0
2018,4,7,36,12.8,11,0
2018,4,8,28,10.9,5.6,6.2
2018,4,9,27,9.3,13.3,7
2018,4,10,36,10.7,11.6,4
2018,4,11,48,9.8,7.7,2.4
2018,4,12,42,8.9,9.8,0.1
2018,4,13,38,9.6,10.5,0
2018,4,14,48,12.7,12.3,0
2018,4,15,36,12.1,14.2,0.2
2018,4,16,28,12.4,18.2,0
2018,4,17,26,15.3,20.3,0
2018,4,18,34,17.7,13.3,0
2018,4,19,51,19.6,10,0
2018,4,20,41,20,11,0
2018,4,21,49,15.7,16.9,0
2018,4,22,38,18.3,18.6,3.7
2018,4,23,24,13.1,22.8,0
2018,4,24,23,14.1,23.2,0.4
2018,4,25,21,12.1,25.7,0.4
2018,4,26,25,11.3,23.2,0.4
2018,4,27,23,10.5,13.8,7.7
2018,4,28,17,9.3,10,2.2
2018,4,29,12,7.9,13.7,0
2018,4,30,20,7.4,21.1,5.3
2018,5,1,23,9.9,18.7,0
2018,5,2,17,11,19.5,4.6
2018,5,3,27,12,11.1,0
2018,5,4,30,15.4,9.2,0
2018,5,5,36,15.4,11.9,0
2018,5,6,41,16.7,11.4,0
2018,5,7,45,18.9,10,0
2018,5,8,46,19.1,13.9,0
2018,5,9,28,16.5,13.8,0
2018,5,10,22,14.2,17.1,2.2
2018,5,11,28,14.3,16.1,0
2018,5,12,27,14.3,8.4,7.3
2018,5,13,25,15.7,8.5,0
2018,5,14,21,14.9,15.4,0
2018,5,15,21,16.5,12.7,0
2018,5,16,23,12.7,13.8,0
2018,5,17,25,11.6,13,0
2018,5,18,27,12,9.8,0
2018,5,19,35,14.2,11.1,0
2018,5,20,34,13.7,14.7,0
2018,5,21,45,16,8.3,0
2018,5,22,35,16.6,13.9,0
2018,5,23,32,14.5,15.8,0
2018,5,24,51,16,10.1,2
2018,5,25,44,16.6,8.3,0
2018,5,26,57,19.7,20.1,0.4
2018,5,27,55,20.5,11.8,3.3
2018,5,28,59,20,9.8,2.2
2018,5,29,30,15.8,12.7,16.3
2018,5,30,34,16.9,8.4,0.4
2018,5,31,44,17.5,13.2,0
2018,6,1,35,19.3,11.2,0
2018,6,2,23,19.7,16,0
2018,6,3,23,20.6,11.7,0
2018,6,4,25,16.3,12.5,0
2018,6,5,20,14.4,14.1,0
2018,6,6,34,15.3,13.1,0
2018,6,7,28,16.9,13.1,0
2018,6,8,26,17.4,12.2,0
2018,6,9,28,16.9,12.9,0.2
2018,6,10,22,17.3,15,0.2
2018,6,11,22,17.6,16.6,0
2018,6,12,22,15,11,0
2018,6,13,29,17,12.3,0
2018,6,14,27,18.5,20.7,0.2
2018,6,15,25,19.3,12,0
2018,6,16,20,17.7,18.9,0
2018,6,17,19,16.4,20.4,0.2
2018,6,18,21,19.9,23.4,0
2018,6,19,18,21.4,19.8,0
2018,6,20,20,20.1,19.5,0
2018,6,21,29,16.3,18.8,0
2018,6,22,23,16.7,13.5,0
2018,6,23,25,18.6,13.6,0
2018,6,24,24,19.6,11.5,0
2018,6,25,30,22.8,9.1,0
2018,6,26,28,20.8,16.2,0
2018,6,27,28,18.1,19.5,0
2018,6,28,26,19.1,15.5,0
2018,6,29,25,19.7,15.8,0
2018,6,30,24,20.1,18.6,0
2018,7,1,26,22.8,15.5,0
2018,7,2,22,22.6,20.3,0
2018,7,3,21,20.1,23.8,0
2018,7,4,28,19.7,13,1.5
2018,7,5,35,23.4,10.2,0
2018,7,6,32,23.8,10.3,0
2018,7,7,36,24.8,12.1,0
2018,7,8,26,23.7,10.9,0
2018,7,9,27,22.8,12.3,0
2018,7,10,19,17.9,13.1,0
2018,7,11,28,18.1,10.7,0
2018,7,12,27,18.9,11.4,0
2018,7,13,29,20.2,14.8,16.9
2018,7,14,30,22.1,10.3,0
2018,7,15,25,24.7,9.7,0
2018,7,16,28,24.9,12.7,0
2018,7,17,21,20.6,19.6,0
2018,7,18,23,21.2,9.3,0
2018,7,19,25,22,12.6,0
2018,7,20,26,21.2,11,0
2018,7,21,29,23,8.7,0
2018,7,22,24,24,11.8,0
2018,7,23,24,26,12.5,0
2018,7,24,25,24.7,14.8,0
2018,7,25,29,24.6,11.3,0
2018,7,26,45,27.1,14.2,0
2018,7,27,32,25.6,11.1,7.3
2018,7,28,25,20.1,26.1,0
2018,7,29,16,19,21.4,4.8
2018,7,30,18,20.8,17.6,0
2018,7,31,21,20.2,15.7,5.9
2018,8,1,24,20.6,13,0
2018,8,2,25,23,11.4,0
2018,8,3,23,26.3,8.2,0
2018,8,4,21,23.4,13.4,0
2018,8,5,18,22.3,11.8,0
2018,8,6,27,24.9,9,0
2018,8,7,29,25.2,11.5,0.4
2018,8,8,19,20.5,20.4,0
2018,8,9,19,16.5,10.4,14.7
2018,8,10,19,16.1,17,7.5
2018,8,11,19,16.7,12.9,0.9
2018,8,12,16,19.6,14.2,0.9
2018,8,13,19,19.8,15.8,0.4
2018,8,14,19,20.4,18.4,0
2018,8,15,22,20.3,19.2,0
2018,8,16,23,18.1,16.7,15.2
2018,8,17,22,18,15.8,0
2018,8,18,21,19.3,18.1,0
2018,8,19,18,21.4,20,0
2018,8,20,19,22.4,12.8,0
2018,8,21,24,22.3,10.9,0
2018,8,22,21,19.6,14.7,0
2018,8,23,18,19.6,17.8,0.7
2018,8,24,17,15.5,23.7,5.3
2018,8,25,17,14.5,16.5,1.5
2018,8,26,18,15.5,15.2,13.6
2018,8,27,15,17.6,20.9,0
2018,8,28,22,18.3,9.2,0
2018,8,29,24,16.8,10,9.9
2018,8,30,23,16.4,7.5,0
2018,8,31,24,16.6,9.8,0
2018,9,1,27,18.4,9.4,0
2018,9,2,27,17.8,11,0
2018,9,3,33,18.3,7,0
2018,9,4,28,16.9,10.7,0
2018,9,5,25,17.1,10.2,0
2018,9,6,27,16.8,12.7,0
2018,9,7,19,15.2,20.1,0
2018,9,8,24,15.7,15.9,0
2018,9,9,19,18.9,16.3,0
2018,9,10,21,18,19.4,0
2018,9,11,19,19.9,23.8,1.3
2018,9,12,23,14.4,8.7,3.1
2018,9,13,25,15.1,10.7,0
2018,9,14,20,15.2,17.9,0
2018,9,15,22,16.6,14.3,0
2018,9,16,19,18.7,15.8,0
2018,9,17,20,20.9,15.6,0
2018,9,18,21,20,24.3,0
2018,9,19,27,20.1,26,0
2018,9,20,25,19.9,26.4,0.9
2018,9,21,22,15,34.7,2.4
2018,9,22,18,12.2,15.7,8.8
2018,9,23,14,11.3,13.2,12.1
2018,9,24,23,11.4,9.3,0
2018,9,25,33,12.2,8.7,0
2018,9,26,29,15.5,11.6,0
2018,9,27,34,17.1,11.4,0
2018,9,28,19,14.1,13,0
2018,9,29,35,12.6,4.5,0
2018,9,30,21,12.2,13,0
2018,10,1,18,11.8,15.9,11.2
2018,10,2,18,16.1,22.3,0
2018,10,3,23,16,12.3,0
2018,10,4,28,13.9,11.3,0
2018,10,5,37,15.4,6.4,0
2018,10,6,22,11.4,12.4,8.8
2018,10,7,18,10.6,9.2,0
2018,10,8,22,12.8,12,0
2018,10,9,26,15.5,9.9,0
2018,10,10,48,15.8,14.9,0
2018,10,11,26,18.2,17.5,0.2
2018,10,12,21,19.2,22.1,0
2018,10,13,23,22.2,19.9,0
2018,10,14,13,14.6,11.5,12.5
2018,10,15,19,13.8,7.5,10.3
2018,10,16,33,16.9,12.2,0
2018,10,17,26,13.9,6.4,1.3
2018,10,18,22,13,9.8,0
2018,10,19,30,11.3,5.6,0
2018,10,20,45,12.8,7.2,0
2018,10,21,26,14.9,10.3,0
2018,10,22,23,11.2,10.4,0
2018,10,23,26,11.9,17.2,0
2018,10,24,22,14.3,13.8,0
2018,10,25,25,11.1,12,0
2018,10,26,16,10.2,18.4,1.3
2018,10,27,13,5.8,15.9,0
2018,10,28,12,7,13.3,1.5
2018,10,29,15,6.3,10.8,0
2018,10,30,19,7.8,19.7,0
2018,10,31,29,8.6,11.7,0.4
2018,11,1,26,10.7,11.2,6.4
2018,11,2,34,7.3,10.5,0
2018,11,3,27,10,11.6,0
2018,11,4,28,10.5,10.6,0
2018,11,5,52,11.3,11.3,0
2018,11,6,36,13.7,13,0
2018,11,7,19,13,20.7,5.3
2018,11,8,24,10,17.3,0
2018,11,9,23,10.8,16.9,5.5
2018,11,10,21,11.9,12.2,19.1
2018,11,11,17,11.8,14,4
2018,11,12,22,12.2,15.6,1.5
2018,11,13,27,11.7,14.9,0
2018,11,14,27,12.6,12.2,0
2018,11,15,37,12.7,9.2,0
2018,11,16,25,10.2,12.9,0
2018,11,17,32,9.3,19.1,0.2
2018,11,18,23,8.7,16.3,0
2018,11,19,16,7.5,20.5,2.2
2018,11,20,21,4.9,15.3,5.5
2018,11,21,32,4.3,11.3,0.7
2018,11,22,51,3.7,6.2,0
2018,11,23,47,7.2,10.6,0
2018,11,24,33,8.7,15.7,0.1
2018,11,25,27,7.7,14,0
2018,11,26,23,7.2,8.7,0.1
2018,11,27,26,6.8,12.5,4.2
2018,11,28,19,12.9,19,4.6
2018,11,29,21,13,22.5,2
2018,11,30,25,10.2,15.3,0
2018,12,1,19,11.1,15.2,0
2018,12,2,15,14.3,20.6,1.3
2018,12,3,20,12.1,21,0.9
2018,12,4,28,7.2,7.8,1.3
2018,12,5,22,10.7,15.3,5.3
2018,12,6,26,12.9,19.1,0.2
2018,12,7,16,11.4,24.7,6.4
2018,12,8,20,10.3,30.7,0.2
2018,12,9,14,10.2,26.4,1.1
2018,12,10,19,8.5,15.6,0
2018,12,11,35,6.7,7.8,0
2018,12,12,26,6.5,16.5,0
2018,12,13,31,3.6,21.7,0
2018,12,14,43,3.5,8.3,0
2018,12,15,25,3.6,20.7,11.2
2018,12,16,21,8.3,11.8,6.2
2018,12,17,28,8.5,16.2,0
2018,12,18,21,10.5,20.2,4.2
2018,12,19,21,9,14.2,2
2018,12,20,21,9.3,16.5,0
2018,12,21,26,12.2,24.5,9.5
2018,12,22,22,10.6,20.7,0
2018,12,23,15,9.9,12.2,5.1
2018,12,24,29,6.3,5.6,0
2018,12,25,31,4.8,5,0
2018,12,26,24,8.4,5.5,0.2
2018,12,27,48,6,4,0
2018,12,28,38,8.5,9.2,0
2018,12,29,22,10.8,15.5,0
2018,12,30,17,9.8,12.8,0
2018,12,31,NA,10.1,12.9,0
2019,1,1,15,9.3,14.5,13.2
2019,1,2,22,5.8,9.1,0
2019,1,3,26,5.2,6.5,0
2019,1,4,39,3.6,7.2,0
2019,1,5,31,5.5,12.7,0
2019,1,6,29,8.2,10.2,0
2019,1,7,25,10.1,17.9,0
2019,1,8,24,8.2,18.8,0
2019,1,9,22,5,14.8,0.1
2019,1,10,34,4,8.5,0
2019,1,11,25,8,9.7,0
2019,1,12,17,9.5,20.7,0.2
2019,1,13,17,11.3,27.4,0
2019,1,14,19,8.8,19.5,0
2019,1,15,17,7.8,17,0
2019,1,16,11,8.4,19.1,3.7
2019,1,17,15,4.5,17.3,0.9
2019,1,18,26,3.7,11,0
2019,1,19,26,4.1,13.6,0
2019,1,20,33,2.4,6,0
2019,1,21,43,3.1,8.6,0
2019,1,22,18,4.5,13,7.7
2019,1,23,24,1.9,10.5,0
2019,1,24,37,2.7,8,0.4
2019,1,25,29,7.5,13.4,0.9
2019,1,26,15,9.2,20.8,5.7
2019,1,27,12,6.6,28.3,2.9
2019,1,28,23,4,19.1,0
2019,1,29,30,3.7,11.2,6.6
2019,1,30,25,2.9,11.3,0
2019,1,31,29,1.1,17,2.2
2019,2,1,18,2.3,17.8,0.2
2019,2,2,22,3.2,15.3,0
2019,2,3,25,3.4,12.8,0
2019,2,4,18,8.1,17.5,7.3
2019,2,5,21,7.7,10.4,1.8
2019,2,6,23,10.1,11.9,4.4
2019,2,7,20,8.8,28.9,0.2
2019,2,8,15,10.1,27,4.2
2019,2,9,18,9.1,30,0
2019,2,10,11,6.7,19.4,2.9
2019,2,11,24,6.7,10.3,0
2019,2,12,28,8.2,12.3,0
2019,2,13,27,8.9,11.2,0
2019,2,14,46,7,7.5,0
2019,2,15,50,8.3,6.7,0
2019,2,16,40,10.3,9.8,0
2019,2,17,36,9.8,12.3,0
2019,2,18,26,9.2,13.3,1.5
2019,2,19,28,8.1,15.9,0
2019,2,20,26,9.8,15.3,0
2019,2,21,33,11.1,13.9,0
2019,2,22,43,8.7,10,0
2019,2,23,43,9.8,9.6,0
2019,2,24,47,7.8,8.4,0
2019,2,25,53,8.9,8.6,0
2019,2,26,58,9.8,7.9,0
2019,2,27,58,10.8,6.8,0
2019,2,28,32,10.7,15.5,4.8
2019,3,1,33,10,9.8,0
2019,3,2,21,11.2,17,0
2019,3,3,14,11.8,25.4,4.4
2019,3,4,17,7.7,25,4.4
2019,3,5,19,8.5,18.7,0.7
2019,3,6,19,11.7,21,3.5
2019,3,7,10,9.2,30.5,0.9
2019,3,8,15,8.5,19,2.6
2019,3,9,18,10.3,26.1,1.8
2019,3,10,11,8,29.2,9.7
2019,3,11,17,7.5,26.5,0
2019,3,12,13,7.9,27.8,7.7
2019,3,13,19,9.2,33.6,0
2019,3,14,16,10.8,30.3,4
2019,3,15,14,13,31.9,2.6
2019,3,16,16,11.5,32.8,3.5
2019,3,17,12,7.6,23.6,1.5
2019,3,18,21,8.4,15.2,0
2019,3,19,27,10,11.4,0.9
2019,3,20,21,11.5,13.3,0
2019,3,21,24,12.3,10.5,0
2019,3,22,23,10.7,12.6,0
2019,3,23,24,10.3,11.4,0
2019,3,24,23,9.1,12.2,0
2019,3,25,22,9.5,16,0
2019,3,26,32,8.7,8.6,0
2019,3,27,27,10.2,6.4,0
2019,3,28,35,11.2,6.8,0
2019,3,29,45,11,7.8,0
2019,3,30,53,12.9,5.1,0
2019,3,31,31,9.5,20.3,0
2019,4,1,25,8.4,14.5,0
2019,4,2,30,7.1,12.2,2.6
2019,4,3,16,5.6,8.4,2.2
2019,4,4,12,6.8,17.5,0.4
2019,4,5,17,10.1,21.3,0
2019,4,6,22,9,15.6,0
2019,4,7,47,9.3,8.3,0.4
2019,4,8,49,10.2,6.5,1.8
2019,4,9,40,9.6,12.3,2.4
2019,4,10,23,8.4,17.5,0
2019,4,11,23,6.8,14.3,0
2019,4,12,22,7,13.2,0
2019,4,13,21,3.3,7,0.9
2019,4,14,25,5.9,15,0
2019,4,15,43,9,18.7,0
2019,4,16,55,11.5,8.8,0.1
2019,4,17,57,12.3,10.5,0
2019,4,18,53,14,14.6,0
2019,4,19,42,15.6,10.6,0
2019,4,20,40,16.2,10.5,0
2019,4,21,40,15.3,12,0
2019,4,22,56,15.4,12.2,0
2019,4,23,45,14.9,11.8,0
2019,4,24,38,13.6,14.8,0.2
2019,4,25,18,12.8,17.6,0
2019,4,26,22,12.4,17,0
2019,4,27,23,10.7,31.4,0.7
2019,4,28,16,10.9,18.7,0.7
2019,4,29,27,10.6,8.8,0
2019,4,30,35,11.5,9.6,0
2019,5,1,30,13,9.2,0
2019,5,2,23,13.2,13.9,5.1
2019,5,3,20,10.3,8.3,2.6
2019,5,4,16,8,16.5,1.5
2019,5,5,24,8.8,10.3,0
2019,5,6,16,10.5,14.1,0
2019,5,7,22,12.3,12,0
2019,5,8,22,11.9,17.7,13.6
2019,5,9,22,11.7,9.5,0.4
2019,5,10,18,12.9,7.5,0.4
2019,5,11,16,11.7,9.2,0.4
2019,5,12,16,11.8,12.1,0
2019,5,13,17,11.7,13.4,0
2019,5,14,17,12.8,17.5,0
2019,5,15,30,13.2,13.3,0
2019,5,16,27,13,17.1,0
2019,5,17,25,12,11.3,0.4
2019,5,18,28,14.1,5.5,2.4
2019,5,19,27,14.7,7.2,0
2019,5,20,27,16.2,8.8,0
2019,5,21,20,16.4,10.4,0
2019,5,22,24,16.7,9.8,0
2019,5,23,23,18.1,13.1,0
2019,5,24,20,17.7,12.8,2.6
2019,5,25,16,18.8,13.5,0
2019,5,26,18,18.6,19.4,1.3
2019,5,27,16,15.7,19.4,0
2019,5,28,15,13.7,14.8,0.2
2019,5,29,20,14,14.8,0.7
2019,5,30,20,19.6,20.1,0.2
2019,5,31,18,18,16.3,0
2019,6,1,20,20.5,10.8,0
2019,6,2,20,22,18.2,0
2019,6,3,21,16.8,18.4,0
2019,6,4,26,15,14.2,2.2
2019,6,5,19,16,14.8,0
2019,6,6,20,15.6,16,0.2
2019,6,7,23,15,19.7,2.9
2019,6,8,22,15.2,26.1,3.1
2019,6,9,24,15.4,10.5,0.4
2019,6,10,14,12.7,10.1,21.3
2019,6,11,17,14.5,9.2,1.5
2019,6,12,20,13.4,7.2,5.3
2019,6,13,19,14.2,19.2,2.6
2019,6,14,21,16.3,17.5,1.5
2019,6,15,20,16.2,14.4,0.4
2019,6,16,16,16.1,17.6,0.4
2019,6,17,20,17.8,15.4,0
2019,6,18,22,16.9,8,4.6
2019,6,19,22,16.9,9,5.5
2019,6,20,20,17.1,17.5,0.4
2019,6,21,16,17,13,0
2019,6,22,15,17.8,14.8,0
2019,6,23,3,18.6,15.3,0
2019,6,24,35,22,9.4,0
2019,6,25,31,20.5,8.7,6.8
2019,6,26,16,17.5,15.2,0
2019,6,27,20,17.1,24.4,0
2019,6,28,27,17.6,25.7,0
2019,6,29,33,24.5,13.3,0
2019,6,30,20,21.3,22.1,0
2019,7,1,15,18.7,19.1,0
2019,7,2,16,17.9,10.7,0
2019,7,3,19,18,11.7,0
2019,7,4,20,20.1,6.8,0
2019,7,5,22,22.6,11.7,0
2019,7,6,16,20.1,9.6,1.1
2019,7,7,17,17.1,13.4,2.2
2019,7,8,22,17.9,13,0
2019,7,9,20,19.3,9.5,0
2019,7,10,19,21.8,13.4,0
2019,7,11,16,22,14.1,0
2019,7,12,13,21.4,17.7,0
2019,7,13,15,19.4,11.3,0
2019,7,14,14,17.8,10.5,3.3
2019,7,15,17,17.1,9,0
2019,7,16,23,20.6,10.7,0
2019,7,17,25,21.4,12.1,0
2019,7,18,12,20,15.8,2.2
2019,7,19,8,18.1,14.4,5.9
2019,7,20,17,20.4,19.8,9.2
2019,7,21,12,19.5,15.7,0
2019,7,22,18,22.1,16,0
2019,7,23,28,25.1,13.7,0
2019,7,24,33,27.1,14.2,1.1
2019,7,25,34,28.9,12.8,0
2019,7,26,23,23.3,12.2,2
2019,7,27,14,18.9,16.4,11
2019,7,28,15,19.2,19.3,0
2019,7,29,17,20.8,14,0
2019,7,30,14,19.3,21,5.5
2019,7,31,12,19.9,22.8,0
2019,8,1,16,20.5,11.4,0
2019,8,2,23,20.2,10.5,0
2019,8,3,22,20.2,9.4,0
2019,8,4,22,21,13.2,0
2019,8,5,19,20.4,17.5,0.9
2019,8,6,21,19.8,19,0.4
2019,8,7,27,19.3,18.3,1.1
2019,8,8,19,20.2,13.3,0
2019,8,9,21,21.5,22,6.4
2019,8,10,23,19.2,30.5,1.3
2019,8,11,17,18.9,21.8,0
2019,8,12,14,15.6,9.6,4
2019,8,13,15,17,15.4,0
2019,8,14,11,16.6,13.1,13.4
2019,8,15,12,19.1,22.7,0
2019,8,16,17,17.3,17,3.7
2019,8,17,16,19.3,18.9,0.2
2019,8,18,16,17.7,16.4,4.8
2019,8,19,22,17.4,19.1,0.4
2019,8,20,19,17.4,15.1,0
2019,8,21,20,18.1,11.7,0
2019,8,22,21,19.2,14.1,0
2019,8,23,26,20.8,9.5,0
2019,8,24,41,21.8,9.3,0
2019,8,25,46,23.9,10.3,0
2019,8,26,37,25.1,8.7,0
2019,8,27,39,25.6,8.6,0
2019,8,28,20,21.8,14.5,0.2
2019,8,29,16,19,16.3,0
2019,8,30,20,19.2,14.8,0
2019,8,31,18,18.5,13.7,0.1
2019,9,1,12,17.2,15,17.6
2019,9,2,20,17,16,0
2019,9,3,18,18.4,18.2,0
2019,9,4,15,17.8,23.3,5.9
2019,9,5,15,15.5,16.4,0
2019,9,6,20,15.2,15.7,0.1
2019,9,7,14,15.1,12.8,0
2019,9,8,17,13.7,8.2,0
2019,9,9,19,14.4,9,0.1
2019,9,10,29,16,7.4,0
2019,9,11,19,18,19.4,0
2019,9,12,19,19.2,19.1,0
2019,9,13,21,17.7,12.6,0
2019,9,14,26,16.8,6.5,0
2019,9,15,22,19.6,10,0
2019,9,16,29,18.1,9.3,0.4
2019,9,17,17,15.4,10.5,0
2019,9,18,22,14.1,8.3,0
2019,9,19,23,15.4,9.4,0
2019,9,20,29,15.8,18.3,0
2019,9,21,37,17.4,19.4,0
2019,9,22,26,18.4,11.6,1.8
2019,9,23,19,17,15.9,1.1
2019,9,24,26,17.5,15.7,32
2019,9,25,18,17.8,18.4,2.2
2019,9,26,16,17.9,19.1,2.9
2019,9,27,18,16,19.4,6.6
2019,9,28,13,16,21.7,4
2019,9,29,11,16.8,24.5,4
2019,9,30,16,15.3,14.5,7
2019,10,1,18,16.2,13.5,3.7
2019,10,2,13,11.3,13.6,0
2019,10,3,24,10.8,10.8,0.9
2019,10,4,26,14.5,17.4,1.1
2019,10,5,19,14,10.4,0
2019,10,6,14,15,20.9,15.2
2019,10,7,18,13.7,11,1.8
2019,10,8,26,14.7,18.4,4.8
2019,10,9,19,13,21.9,0.2
2019,10,10,22,13.8,22.3,0
2019,10,11,16,16.3,23,7.5
2019,10,12,15,12.3,8.5,9
2019,10,13,16,14.7,17.1,3.5
2019,10,14,21,13.9,14.5,4
2019,10,15,19,13.8,12.9,0
2019,10,16,23,14.1,13.9,0.7
2019,10,17,21,12.8,11.5,3.3
2019,10,18,20,12.8,18.8,7.5
2019,10,19,19,12.4,13.5,0
2019,10,20,17,10.1,8.8,0
2019,10,21,14,12,12.5,0.7
2019,10,22,27,11.5,7.1,0
2019,10,23,39,10.5,8.1,0
2019,10,24,32,12.6,8.7,9.5
2019,10,25,20,14.2,17.5,0.2
2019,10,26,18,14.7,22,3.7
2019,10,27,19,9.4,11.4,0
2019,10,28,39,8,7.2,0
2019,10,29,17,9.4,12.8,0
2019,10,30,24,10.1,18.1,0
2019,10,31,36,9,15,0
2019,11,1,41,13.6,12.2,0
2019,11,2,29,13.1,24.9,4
2019,11,3,32,10.5,10.2,0
2019,11,4,33,10.5,7,1.5
2019,11,5,20,9.9,9.2,0.7
2019,11,6,30,8.1,9.7,0
2019,11,7,19,8.8,16.2,9.2
2019,11,8,29,6.5,9.3,1.1
2019,11,9,32,6.1,14.2,6.6
2019,11,10,22,8.4,10.4,0.7
2019,11,11,19,8.3,19.2,3.7
2019,11,12,21,7,22.8,1.5
2019,11,13,20,7.5,15.2,0.7
2019,11,14,17,7,13.2,7.7
2019,11,15,19,7,12.3,1.3
2019,11,16,23,6.9,6.3,0.2
2019,11,17,33,6.6,3.8,0.2
2019,11,18,16,7.3,11.3,0.4
2019,11,19,39,4.3,7.6,0
2019,11,20,25,5.8,16.4,0
2019,11,21,30,4.9,18.4,0.7
2019,11,22,22,8.7,16.5,4.2
2019,11,23,23,9.7,16.7,0.9
2019,11,24,20,9.8,6.6,0.2
2019,11,25,17,10.9,10.8,1.3
2019,11,26,11,12.3,12.7,0.9
2019,11,27,15,11.2,11.6,8.1
2019,11,28,14,9.6,15.9,1.8
2019,11,29,21,5.8,6.4,0.9
2019,11,30,26,4.3,9.2,0.2
2019,12,1,12,5.5,11,0
2019,12,2,26,3.9,8.2,0
2019,12,3,35,6.2,9.8,0
2019,12,4,45,5.3,6.2,0
2019,12,5,40,6.4,16.1,0
2019,12,6,17,12,27,7
2019,12,7,18,10.2,18.6,0
2019,12,8,15,10.2,28,2.4
2019,12,9,17,8.3,21.1,1.1
2019,12,10,19,8.4,21.6,4.2
2019,12,11,22,7,15.9,0
2019,12,12,22,6.6,15.3,8.8
2019,12,13,18,8,24.8,5.9
2019,12,14,19,7.3,23.9,11
2019,12,15,15,8.5,20.9,4.6
2019,12,16,20,8.6,11.5,1.3
2019,12,17,17,7.5,8.7,5.3
2019,12,18,22,7.7,12.2,2.4
2019,12,19,19,12.4,19.5,7.5
2019,12,20,15,9.2,13.1,15.2
2019,12,21,14,9.1,15.3,7.5
2019,12,22,14,9.1,17.6,1.8
2019,12,23,18,8.9,18.7,0
2019,12,24,17,10.1,19.2,2
2019,12,25,16,6.9,10.5,0
2019,12,26,17,7.5,18.3,4.4
2019,12,27,20,8.3,9.3,0
2019,12,28,23,8.3,8,0
2019,12,29,23,8,10,0
2019,12,30,NA,7.2,10.8,0
2019,12,31,NA,7.8,12.2,0.2
2020,1,1,41,5.2,6.5,0
2020,1,2,16,9.3,14.5,0
2020,1,3,15,9.3,19.5,1.2
2020,1,4,16,7.3,16.8,0
2020,1,5,11,8.5,13.7,0
2020,1,6,9,8.5,18.3,0.5
2020,1,7,14,10.2,17.4,0
2020,1,8,21,12.2,16.5,0
2020,1,9,37,12.2,21.2,6.4
2020,1,10,12,7.2,14.8,0
2020,1,11,17,10,21.5,0.1
2020,1,12,12,10.4,22.1,1.7
2020,1,13,13,9.6,21.1,5.3
2020,1,14,9,11.2,25.1,1.7
2020,1,15,10,9.8,19.4,9.1
2020,1,16,16,10.3,17.5,3
2020,1,17,13,8.9,18.3,1.7
2020,1,18,20,5.3,12.8,0
2020,1,19,26,4.7,7,0
2020,1,20,44,4.8,7.6,0
2020,1,21,41,4.1,7.6,0
2020,1,22,30,6.2,4.8,0
2020,1,23,27,7.8,4.5,0
2020,1,24,27,7.2,5.4,0
2020,1,25,35,6.4,9.5,0.1
2020,1,26,27,9.2,13.9,2.3
2020,1,27,13,8.5,12.8,8.4
2020,1,28,16,5.7,24.9,2.1
2020,1,29,23,6.8,22.3,0
2020,1,30,15,10.8,17.9,0.5
2020,1,31,13,11.6,21.6,1
2020,2,1,22,10.9,27.7,0
2020,2,2,22,11,20.5,7.1
2020,2,3,24,10.3,23.1,0.1
2020,2,4,23,7.8,24.5,0
2020,2,5,39,6.7,7.5,0
2020,2,6,42,5.9,6.9,0
2020,2,7,41,6.3,12.4,0
2020,2,8,26,10,16.8,1.5
2020,2,9,16,11.4,38.5,10.6
2020,2,10,18,7.9,34.7,5.5
2020,2,11,21,6.1,33.2,0
2020,2,12,19,6.2,23.2,0.5
2020,2,13,17,8.2,20.5,6.6
2020,2,14,28,9.1,16.5,0
2020,2,15,12,12.4,28.4,4.9
2020,2,16,10,11,30.5,15.6
2020,2,17,21,8.7,26.3,0.2
2020,2,18,18,7.6,23.3,3.3
2020,2,19,20,7.1,20.2,1
2020,2,20,13,8.8,25.3,3.8
2020,2,21,23,8.5,25.9,0
2020,2,22,22,11.6,34.5,0.5
2020,2,23,13,11.7,26.1,1
2020,2,24,12,10.2,24.9,6.1
2020,2,25,17,7,23.6,0.5
2020,2,26,17,5.6,23.6,0.1
2020,2,27,16,5.2,16.4,8.6
2020,2,28,18,7.3,17.3,5.9
2020,2,29,23,8.6,29.1,7.1
2020,3,1,15,7.7,24.3,0
2020,3,2,13,6.6,14,4.3
2020,3,3,26,6.5,15.4,0
2020,3,4,22,6.1,11.2,3
2020,3,5,20,6.4,16.4,12.4
2020,3,6,28,6.7,11.5,0
2020,3,7,29,8.5,16.6,0
2020,3,8,16,10.5,23.7,4.3
2020,3,9,17,8.3,20.9,6.3
2020,3,10,10,13.4,27.6,1.3
2020,3,11,14,11.8,22.3,1
2020,3,12,19,8.4,30.9,1
2020,3,13,18,8.9,19.6,0
2020,3,14,13,10.1,15.1,3.6
2020,3,15,10,10.5,19.5,1.3
2020,3,16,14,9.2,11.2,0
2020,3,17,15,10.2,16,0
2020,3,18,19,12.3,18.6,0
2020,3,19,22,8.1,12.8,0.5
2020,3,20,17,7.8,20.6,0
2020,3,21,19,7.3,25.4,0
2020,3,22,20,7,22.2,0
2020,3,23,26,7,19.2,0
2020,3,24,25,8.8,10.9,0
2020,3,25,36,7.4,11.8,0
2020,3,26,47,6.9,14.2,0
2020,3,27,42,8.2,13.8,0
2020,3,28,30,7.7,16.1,0.1
2020,3,29,25,5.5,17.9,0.1
2020,3,30,NA,6.3,11.6,0.2
2020,3,31,NA,6.5,14.5,0
2020,4,1,18,6.3,7.6,0
2020,4,2,14,10.5,14.9,0
2020,4,3,20,10.8,9,0
2020,4,4,21,11.1,11.5,0
2020,4,5,17,14.8,17.8,0
2020,4,6,18,15,13.2,0.2
2020,4,7,30,13,10.7,0
2020,4,8,52,14.5,11.2,0
2020,4,9,54,14.2,15,0
2020,4,10,46,13.7,16.6,0
2020,4,11,38,15.6,10.2,0
2020,4,12,29,17.8,9,0.1
2020,4,13,19,9.3,24.3,0
2020,4,14,18,8.2,13.6,0
2020,4,15,31,10,11.2,0
2020,4,16,51,12.2,12,0
2020,4,17,23,11.2,23.3,0.8
2020,4,18,27,10.3,10.5,1.7
2020,4,19,23,11.7,14.9,0
2020,4,20,31,12.1,21.4,0
2020,4,21,32,13.4,23.2,0
2020,4,22,32,14.2,16,0
2020,4,23,36,14.6,11.7,0
2020,4,24,35,14.3,9.9,0
2020,4,25,21,10.4,17,0
2020,4,26,22,13.3,8.1,0
2020,4,27,29,13.9,11.1,0
2020,4,28,12,9.2,18.4,13.1
2020,4,29,17,11,12.6,1.5
2020,4,30,14,10.4,18.1,10.9
2020,5,1,15,11.3,18.2,5.3
2020,5,2,12,12.5,14.9,0
2020,5,3,15,12.9,9.9,0
2020,5,4,20,12.8,16.6,0
2020,5,5,18,11.1,26.5,0
2020,5,6,24,11.5,14.3,0
2020,5,7,29,15.4,8.6,0
2020,5,8,22,18.2,8,0
2020,5,9,38,17.8,12.8,0
2020,5,10,27,13.1,16.7,0
2020,5,11,20,8.7,19.2,0
2020,5,12,17,10,8.3,0
2020,5,13,15,9.7,14.3,0
2020,5,14,13,9,13.3,0
2020,5,15,18,12.8,7.7,0
2020,5,16,17,13.7,10,0
2020,5,17,15,15.7,13.3,0
2020,5,18,16,17.8,18,0
2020,5,19,16,19.9,13.3,0
2020,5,20,16,22,9.3,0
2020,5,21,12,22.2,8.5,0
2020,5,22,19,19.5,22.9,0
2020,5,23,18,15.5,28.2,0.2
2020,5,24,16,16.9,18.6,0
2020,5,25,17,19.8,8.6,0
2020,5,26,18,20.6,10.3,0
2020,5,27,19,18.6,12.5,0
2020,5,28,22,16.3,20.6,0
2020,5,29,25,16.5,17.9,0
2020,5,30,25,17.5,17.4,0
2020,5,31,22,18.4,19.8,0
2020,6,1,19,18.5,13.8,0
2020,6,2,19,19.1,9.3,0
2020,6,3,24,16.8,10.4,0.1
2020,6,4,13,13.5,16.7,0
2020,6,5,13,13.5,22.5,0.2
2020,6,6,14,11.4,24.1,9.9
2020,6,7,12,13.4,12.4,0.2
2020,6,8,19,13,11.9,0
2020,6,9,20,14.6,9.1,0
2020,6,10,19,13.8,10.6,1.3
2020,6,11,16,15,18.3,0.2
2020,6,12,25,16.9,19.6,0.2
2020,6,13,16,18.8,17.8,0.1
2020,6,14,16,19,11.9,0
2020,6,15,12,19.3,8,0
2020,6,16,13,19.5,9.2,0
2020,6,17,14,18.7,6.9,2.1
2020,6,18,13,16.9,11.7,20.7
2020,6,19,15,16.9,17.5,0.8
2020,6,20,14,18.1,14.7,0
2020,6,21,13,18.8,19.2,1
2020,6,22,22,18.6,14.7,0
2020,6,23,23,21.5,11,0
2020,6,24,31,23.4,17.9,0
2020,6,25,32,24.1,17.4,0
2020,6,26,28,23.3,13,0.5
2020,6,27,11,18.1,21,2.3
2020,6,28,12,16.6,23.9,5.5
2020,6,29,15,16.6,27.3,0
2020,6,30,12,16.7,17.7,0
2020,7,1,12,18.2,15.5,1.3
2020,7,2,11,16.9,15.5,5.9
2020,7,3,9,17.4,22.2,0.8
2020,7,4,10,18.3,24.5,1.4
2020,7,5,13,18.9,33,0
2020,7,6,14,16.7,21.8,0
2020,7,7,14,17.2,12.2,4.6
2020,7,8,11,17.3,12.4,7.6
2020,7,9,13,18.2,17.8,3.6
2020,7,10,11,16,16.6,0.5
2020,7,11,12,16.6,11.8,0
2020,7,12,16,18.8,7.8,0
2020,7,13,15,20.4,14.1,0.2
2020,7,14,9,18.4,11,1
2020,7,15,9,17.4,12.6,0
2020,7,16,9,19.2,14.2,0
2020,7,17,16,23.2,11.4,0
2020,7,18,11,20.9,14.7,0
2020,7,19,9,18.1,11.3,0.5
2020,7,20,13,17.3,9.1,0
2020,7,21,12,17.6,8.3,0
2020,7,22,13,20.2,12,0
2020,7,23,16,20.5,15.9,0
2020,7,24,12,20.8,15,0
2020,7,25,9,18.9,17.1,4.3
2020,7,26,11,18.1,18.2,3
2020,7,27,9,18.6,18.4,1.7
2020,7,28,10,17.8,21.8,0
2020,7,29,15,18.7,12.5,0
2020,7,30,16,22.5,10,0
2020,7,31,36,25.8,17.2,0
2020,8,1,15,22.2,18.1,0
2020,8,2,13,19.8,17.4,0
2020,8,3,12,19,12.7,0.1
2020,8,4,16,19.2,13.4,0
2020,8,5,12,21.2,19.6,0
2020,8,6,13,23.4,11,0
2020,8,7,21,26.5,6.9,0
2020,8,8,25,26,10,0
2020,8,9,23,24,13.6,0
2020,8,10,31,25.7,13.8,0
2020,8,11,44,26.7,10,0
2020,8,12,50,26.5,12.7,0
2020,8,13,29,23.3,9.6,1
2020,8,14,19,18.9,8.9,1.7
2020,8,15,19,19.2,7.4,6.9
2020,8,16,24,20.7,7.7,13.8
2020,8,17,13,19.6,10,1.7
2020,8,18,12,20.4,14.7,0.6
2020,8,19,9,19.2,12.2,11.5
2020,8,20,23,21.8,15.8,0
2020,8,21,20,21.1,26.6,0
2020,8,22,17,19.5,23.9,0
2020,8,23,11,18.6,21.5,0
2020,8,24,14,17.8,15.1,0
2020,8,25,12,18.6,26.8,6.6
2020,8,26,13,19.1,26.1,0
2020,8,27,16,16.6,14.2,4.8
2020,8,28,11,15.7,15.2,2.8
2020,8,29,12,13.7,18.8,0.2
2020,8,30,16,14.6,14.9,0
2020,8,31,13,14.3,5.7,0
2020,9,1,20,15.4,6.5,0
2020,9,2,21,16.4,10.8,0.8
2020,9,3,16,19.3,20.1,1.5
2020,9,4,19,16.8,17,0.5
2020,9,5,18,15.6,14.6,0
2020,9,6,16,15.8,9.9,0
2020,9,7,17,16.9,14.5,0
2020,9,8,11,20.4,15.2,0
2020,9,9,10,19,13.8,0
2020,9,10,15,15.6,5.7,0
2020,9,11,18,15.7,11.9,0
2020,9,12,11,17.6,16.4,0
2020,9,13,11,19.2,12.5,0
2020,9,14,29,19.8,11,0
2020,9,15,49,22.1,7.3,0
2020,9,16,36,21.1,13.7,0
2020,9,17,22,16.6,19.2,0
2020,9,18,21,16.2,18,0
2020,9,19,17,18.2,16.8,0
2020,9,20,10,18.6,13.7,0
2020,9,21,16,17.4,5.3,0
2020,9,22,18,19.6,12.8,0
2020,9,23,9,16.8,17.1,5.3
2020,9,24,6,12.2,14.2,4
2020,9,25,11,11.9,26.1,1.7
2020,9,26,15,10.9,23.6,0.5
2020,9,27,13,12.3,18.4,0
2020,9,28,17,14.4,13.7,0
2020,9,29,16,16.3,8.6,5.1
2020,9,30,14,15,13,4
2020,10,1,10,13.7,14,0.5
2020,10,2,11,13.3,26.5,31
2020,10,3,13,14.3,12.1,34
2020,10,4,7,10.8,18,23
2020,10,5,13,13.4,19.5,1.5
2020,10,6,12,13.9,22,6.3
2020,10,7,16,13.2,18.3,3
2020,10,8,12,15.4,18.1,7.8
2020,10,9,17,11.3,14.6,2.1
2020,10,10,13,10.5,18.5,0.8
2020,10,11,11,11.3,12.1,0
2020,10,12,16,10.6,9.1,5.3
2020,10,13,13,10.1,11.2,4.6
2020,10,14,10,11.3,12.3,2.1
2020,10,15,12,10.4,10.7,0.5
2020,10,16,11,10.5,6.2,0
2020,10,17,10,11.1,6.8,0
2020,10,18,15,11.4,5,0
2020,10,19,15,12.9,13.6,0
2020,10,20,15,15.9,16.4,0.8
2020,10,21,11,15.1,13.4,17
2020,10,22,12,14,14.6,0
2020,10,23,12,13.3,13.8,0
2020,10,24,7,13.5,19,7.6
2020,10,25,7,11.1,14.2,2.1
2020,10,26,10,10.7,15.1,0.8
2020,10,27,11,10.9,15.7,2.5
2020,10,28,11,10.7,18.3,1
2020,10,29,10,12.7,20.5,3.6
2020,10,30,12,16,21.4,1.3
2020,10,31,18,14.3,18.9,6.6
2020,11,1,13,15.5,22.5,0.2
2020,11,2,11,15,30.3,1
2020,11,3,13,9.1,18.3,2.8
2020,11,4,18,7.7,6.7,0
2020,11,5,46,6.7,6,0
2020,11,6,46,7.7,10.5,0.2
2020,11,7,29,10,8.8,0
2020,11,8,29,12.9,6.5,1.5
2020,11,9,13,14.3,6.7,2.3
2020,11,10,16,13.3,7.4,1.3
2020,11,11,15,12.5,13.1,2.3
2020,11,12,17,11.8,17.6,0
2020,11,13,21,11.8,11.5,0.5
2020,11,14,17,13.7,16.7,5.3
2020,11,15,13,12,20.6,10.6
2020,11,16,17,11.2,20.5,1.3
2020,11,17,17,13.8,20.1,0.2
2020,11,18,20,13.3,20.5,0.2
2020,11,19,17,9.1,19.3,1.3
2020,11,20,18,7.5,11.6,1
2020,11,21,15,11.9,22.3,0
2020,11,22,15,10.8,11.6,0.2
2020,11,23,26,7.9,7.3,0
2020,11,24,18,11.4,13.3,0
2020,11,25,24,11.1,11.6,0
2020,11,26,25,7.7,4.6,0
2020,11,27,32,4.4,5.6,0.2
2020,11,28,44,9.4,11.8,0
2020,11,29,38,8.4,7,0
2020,11,30,28,8.1,16.6,0
2020,12,1,17,7.1,14,0
2020,12,2,29,5.8,8.9,0
2020,12,3,20,6.4,10.5,15.4
2020,12,4,16,5,15.7,3.8
2020,12,5,18,5.2,13.3,0
2020,12,6,21,4.2,6.6,1.3
2020,12,7,24,2,5.7,0.8
2020,12,8,30,4,6.5,2.3
2020,12,9,27,6.2,12.4,1.7
2020,12,10,20,7,14.1,0.2
2020,12,11,20,9.8,7.5,7.6
2020,12,12,22,8.8,15.8,0
2020,12,13,11,8,12.9,3.6
2020,12,14,16,11.5,17.1,9.3
2020,12,15,17,10.2,12.5,0
2020,12,16,15,9.9,14.7,2.5
2020,12,17,22,10.3,13.3,0.2
2020,12,18,18,12.1,21.3,0.5
2020,12,19,15,11.2,18.8,2.8
2020,12,20,14,9.1,15.8,1.5
2020,12,21,16,11.8,16.9,6.1
2020,12,22,19,11.8,14.3,1
2020,12,23,16,11.9,10.3,3.3
2020,12,24,10,5.7,19,1.5
2020,12,25,10,3.3,14,0
2020,12,26,7,7.4,21.5,0
2020,12,27,10,7.3,20.9,11.4
2020,12,28,13,2.9,8.3,0
2020,12,29,17,3.3,10.9,0
2020,12,30,17,3.5,10.5,0
2020,12,31,21,1,8.1,0
2021,1,1,54,2.6,9.2,0
2021,1,2,36,4.1,8.5,0.5
2021,1,3,29,3.8,9.3,0.2
2021,1,4,10,4.3,15.3,0.1
2021,1,5,11,3.7,12.3,0.7
2021,1,6,11,4.2,9.6,0.1
2021,1,7,20,1.9,10.5,0
2021,1,8,27,0.5,6.8,0
2021,1,9,28,1.1,5.5,0
2021,1,10,21,1.4,11.3,0
2021,1,11,18,7.3,20.7,1.1
2021,1,12,14,7.3,14.9,5
2021,1,13,21,6.3,9,4.1
2021,1,14,11,4.4,17.3,25.2
2021,1,15,23,2.5,6.2,0
2021,1,16,16,5.7,14,5.3
2021,1,17,17,6.5,18.2,0
2021,1,18,21,5.8,15.4,0
2021,1,19,11,10.8,25.9,3.6
2021,1,20,12,10.2,26.4,2.6
2021,1,21,12,7,23.9,0
2021,1,22,17,4.7,13.4,0
2021,1,23,16,2.7,12.1,0.2
2021,1,24,14,0.9,10.8,4
2021,1,25,16,2.2,14.9,1
2021,1,26,15,3.8,13,2.2
2021,1,27,16,8.4,8.8,4.8
2021,1,28,14,10.9,16.4,19.9
2021,1,29,15,9.7,19.9,4.8
2021,1,30,13,5.3,24.1,13
2021,1,31,17,2.8,16.3,0.5
