"date","counts","avg_temp","min_temp","max_temp","rainfall","wind_speed","humidity","snowfall","ground_temp","dust","year","month"
"2018-01-01",4950,-1.3,-5.1,3.8,0,1.4,39.1,0,-1.7,38,"2018","01"
"2018-01-02",7136,-1.8,-4.3,1.8,0,1.8,42,0,-2.3,32,"2018","01"
"2018-01-03",7156,-4.7,-7.1,-0.4,0,2.2,42.3,0,-3.4,32,"2018","01"
"2018-01-04",7102,-4.7,-8.7,-0.7,0,1.4,43,0,-3.3,40,"2018","01"
"2018-01-05",7705,-3,-5.6,1.6,0,1.7,48.4,0,-2.6,46,"2018","01"
"2018-01-06",5681,-2.8,-6.8,2.9,0,1.5,45.8,0,-3.1,40,"2018","01"
"2018-01-07",5220,-0.8,-5.7,2.8,0,0.8,42.1,0,-2.2,42,"2018","01"
"2018-01-08",6309,1.3,-1.2,4,0.9,1.8,51.9,1,0.4,41,"2018","01"
"2018-01-09",5988,-4.2,-6.1,-1.2,0.5,2.9,59.4,0.5,-1.2,35,"2018","01"
"2018-01-10",4476,-7.5,-10.3,-4.8,0.3,3,52,0.3,-2.9,26,"2018","01"
"2018-01-11",4337,-11.1,-13.6,-7.4,0,2.8,49.8,0,-5.6,29,"2018","01"
"2018-01-12",4401,-10.2,-15.3,-5.4,0,1.7,35.4,0,-6.1,24,"2018","01"
"2018-01-13",3756,-4.4,-6.6,-1.2,0.4,0.8,67.3,0.6,-2.8,44,"2018","01"
"2018-01-14",4675,0.6,-4.4,5.4,0,1.2,64.1,0,-1.1,52,"2018","01"
"2018-01-15",6993,4.7,1.8,7.7,0.2,1.4,63.9,0,1.5,56,"2018","01"
"2018-01-16",7421,3.5,0.1,6.8,0,0.7,59.1,0,0.7,87,"2018","01"
"2018-01-17",6990,4.5,2.4,8.7,0,1.2,64.1,0,1.7,80,"2018","01"
"2018-01-18",7054,2.1,0.3,4.5,0,1.9,59.6,0,1.3,67,"2018","01"
"2018-01-19",8329,1,-2.5,5.5,0,1.6,43,0,0.3,50,"2018","01"
"2018-01-20",6148,2.2,-1,6.9,0,1.6,57.6,0,0.2,86,"2018","01"
"2018-01-21",5574,0.4,-3.7,5.5,0,1,36.6,0,-0.5,53,"2018","01"
"2018-01-22",4929,0.2,-5.3,4,3.3,1.5,56.5,1,-0.2,34,"2018","01"
"2018-01-23",4263,-11.7,-14.6,-5.3,0,3.7,42,0,-4.4,19,"2018","01"
"2018-01-24",3370,-14.2,-16.3,-10.7,0,3.4,31.6,0,-8.3,28,"2018","01"
"2018-01-25",3307,-14,-16.4,-9.5,0,2.8,32.6,0,-8.5,24,"2018","01"
"2018-01-26",3116,-14.8,-17.8,-10.7,0,2.6,34.9,0,-9.3,30,"2018","01"
"2018-01-27",2833,-9.9,-15.9,-3.5,0,1.4,37.4,0,-7.5,38,"2018","01"
"2018-01-28",3028,-6.3,-9.3,-1.2,0,2.6,36,0,-4.4,26,"2018","01"
"2018-01-29",4425,-8.5,-11.6,-4.7,0,2.7,35,0,-6.2,42,"2018","01"
"2018-01-30",3591,-5.3,-11.4,-0.8,2.9,1.3,62,3.5,-4.6,39,"2018","01"
"2018-01-31",4104,-2.6,-5.2,0,0,1.6,54.5,0,-1.8,35,"2018","01"
"2018-02-01",5821,-4,-8.8,1.2,0,1.6,44.1,0,-3.1,34,"2018","02"
"2018-02-02",6557,-2.4,-7.6,3.8,0,1.6,51.1,0,-2.8,43,"2018","02"
"2018-02-03",3499,-7.3,-10.4,-2.1,0.5,3.8,47,0.3,-3.7,28,"2018","02"
"2018-02-04",2642,-9.5,-12.8,-5.2,0,3.1,40.9,0,-6.6,31,"2018","02"
"2018-02-05",4213,-9.4,-11.8,-5.1,0,3,37.8,0,-6.8,24,"2018","02"
"2018-02-06",4257,-10.1,-12.8,-5.8,0,3.1,36.5,0,-6.9,28,"2018","02"
"2018-02-07",5028,-8,-13.4,-1.6,0,1.5,39.8,0,-6.1,36,"2018","02"
"2018-02-08",6114,-4.4,-9.7,2,0,1.2,43.3,0,-3.9,42,"2018","02"
"2018-02-09",6905,0.4,-5.3,6.1,0,1.1,43.9,0,-1.3,51,"2018","02"
"2018-02-10",4829,-0.5,-6.9,3.2,0,3,47.4,0,0.2,55,"2018","02"
"2018-02-11",3047,-6.1,-9.5,-2.2,0,2.7,42.5,0,-3.4,48,"2018","02"
"2018-02-12",5231,-5.8,-9.6,-1.8,0,2.7,40.8,0,-3.2,45,"2018","02"
"2018-02-13",6863,-0.8,-7.4,4.3,0,2.7,54.5,0,-1.5,46,"2018","02"
"2018-02-14",7477,3.5,-0.7,8.7,0,2.6,51,0,1.7,56,"2018","02"
"2018-02-15",3935,-0.7,-3.7,4,0,2.5,28,0,0.9,35,"2018","02"
"2018-02-16",3047,-1.1,-5.5,4.9,0,2.1,40.1,0,-0.1,38,"2018","02"
"2018-02-17",3494,-3,-7.1,1.4,0,2.9,25.6,0,-0.8,45,"2018","02"
"2018-02-18",5191,-0.4,-4.9,5.2,0,1.3,26.9,0,-0.1,35,"2018","02"
"2018-02-19",8563,1.8,-1.9,6.8,0,1.5,48.6,0,1.1,50,"2018","02"
"2018-02-20",8899,0.9,-2.4,5.5,0,2.5,41,0,1.2,49,"2018","02"
"2018-02-21",8342,-0.9,-4.5,4.4,0,2.3,31.5,0,0.2,34,"2018","02"
"2018-02-22",8580,1.3,-3.9,5.4,0.4,2.2,59,0.4,0.2,39,"2018","02"
"2018-02-23",6408,4.2,-0.3,8.6,3.7,1.9,81.1,3.7,2.4,NA,"2018","02"
"2018-02-24",7198,2.4,-1.1,7.2,0,2.1,49.4,0,2.8,59,"2018","02"
"2018-02-25",7595,1.9,-1.6,7.9,0,1.7,40.6,0,2.7,35,"2018","02"
"2018-02-26",10712,3.1,-3.2,10.4,0,1.4,43.1,0,2.5,53,"2018","02"
"2018-02-27",10064,4.2,0.6,6.9,0,0.9,48.8,0,0.4,76,"2018","02"
"2018-02-28",4230,4.6,1.8,7.8,25,2,73.3,0,2,NA,"2018","02"
"2018-03-01",5761,-0.2,-4.3,3,0.5,3.8,61.9,0,2.5,33,"2018","03"
"2018-03-02",9388,-0.7,-6.7,5.4,0,1.5,34,0,1.1,66,"2018","03"
"2018-03-03",16029,7.9,-0.1,16.2,0,1.5,38.1,0,5.3,58,"2018","03"
"2018-03-04",5373,9.8,7.6,11.9,11.5,1.2,89.1,0,7.6,25,"2018","03"
"2018-03-05",9943,5.5,1.3,11.4,3.5,2,67.5,0,6.7,NA,"2018","03"
"2018-03-06",14028,4.5,-1.1,10.9,0,1.6,46.8,0,4.1,30,"2018","03"
"2018-03-07",12925,6.4,2.2,10.7,0.5,1.8,54,0,4.4,28,"2018","03"
"2018-03-08",8812,4.6,2.7,9.7,4,1.9,76,0,6.5,27,"2018","03"
"2018-03-09",13573,4.5,1.4,9.6,0,1.5,63.3,0,4.3,NA,"2018","03"
"2018-03-10",13324,4.6,0.7,9.7,0,2,65.8,0,5,32,"2018","03"
"2018-03-11",15136,6.4,2.7,12.2,0,2,51.3,0,7.2,49,"2018","03"
"2018-03-12",15913,8,2.2,15.5,0,1.4,45.8,0,6.6,77,"2018","03"
"2018-03-13",19514,12.4,5.2,18.8,0,1.8,60.5,0,10.6,46,"2018","03"
"2018-03-14",24911,17,13.6,22.1,0,2.3,58.8,0,14.8,26,"2018","03"
"2018-03-15",7091,12.4,8.4,16.6,27,2.1,92.1,0,12.2,14,"2018","03"
"2018-03-16",18415,7.1,3.6,12.2,0,1.9,46.9,0,9.6,NA,"2018","03"
"2018-03-17",20165,6.6,0.5,14,0,1.5,48,0,7.9,28,"2018","03"
"2018-03-18",11740,8.2,5.4,12.5,0.5,1.2,55.9,0,8.8,41,"2018","03"
"2018-03-19",10297,8,6.2,10.4,1,2.5,64.5,0,7.5,19,"2018","03"
"2018-03-20",13205,4.7,1.6,9.1,0,3.4,39.9,0,5.2,15,"2018","03"
"2018-03-21",8225,2.1,1.1,5.3,1,1.7,64.1,0,3.2,14,"2018","03"
"2018-03-22",16420,4.9,0.6,11.6,0,2.2,61.5,0,7.3,38,"2018","03"
"2018-03-23",17904,6.1,1.8,12.5,0,2,55.3,0,7.6,51,"2018","03"
"2018-03-24",14914,7.6,4,13.1,0,2.1,61.9,0,9.5,86,"2018","03"
"2018-03-25",13942,9.6,4.6,16.9,0,1.7,65.6,0,11.2,NA,"2018","03"
"2018-03-26",15505,11,5.3,18.1,0,1.9,64.5,0,12.2,NA,"2018","03"
"2018-03-27",17456,13.3,7.7,20,0,1.6,61.1,0,12.6,76,"2018","03"
"2018-03-28",21232,14,9.4,19,0,2.2,66.4,0,13.1,41,"2018","03"
"2018-03-29",21436,15.4,11.8,21.1,0,1.6,66.3,0,15.1,53,"2018","03"
"2018-03-30",24411,14.8,9.8,21.9,0,1.7,55.6,0,14.9,53,"2018","03"
"2018-03-31",25673,14,9.3,20.1,0,1.9,52.9,0,14.5,48,"2018","03"
"2018-04-01",22994,15.6,11.7,18.5,0,1.5,68.8,0,14.3,60,"2018","04"
"2018-04-02",28139,18.4,14.9,23.7,0,1.9,64,0,17.8,63,"2018","04"
"2018-04-03",26817,17.8,14.9,21.2,0.1,2.1,72.9,0,17.2,59,"2018","04"
"2018-04-04",26034,13.4,9.5,18.2,18.5,1.9,67,0,15.9,NA,"2018","04"
"2018-04-05",2833,7.6,6.7,9.5,10.5,2,90.6,0,8.9,NA,"2018","04"
"2018-04-06",13297,5.8,3,8.6,6.5,3.1,71.6,0,8.7,115,"2018","04"
"2018-04-07",13088,4.2,1.4,8.6,0.2,4.1,45.5,0,6.2,45,"2018","04"
"2018-04-08",7758,3.9,0.6,7.9,3,1.8,59.6,0,5.2,23,"2018","04"
"2018-04-09",23925,7.9,0.1,15.4,0,1.1,57.9,0,10,33,"2018","04"
"2018-04-10",20423,15.1,6.9,21.9,5,3.5,51,0,13,38,"2018","04"
"2018-04-11",25557,12.6,8.7,17.3,0,3,49.4,0,15.1,51,"2018","04"
"2018-04-12",28885,13.3,6.8,19.6,0,2.6,30.5,0,13.6,49,"2018","04"
"2018-04-13",29497,14.6,8.3,19.3,0,1.3,22.9,0,12.1,32,"2018","04"
"2018-04-14",8216,9,7.5,14.8,9,1.8,78.8,0,9.4,16,"2018","04"
"2018-04-15",12721,9.5,5.6,14.2,0,2.4,65.5,0,11.4,65,"2018","04"
"2018-04-16",29589,11.6,4.9,18.8,0,1.6,41.9,0,13.3,37,"2018","04"
"2018-04-17",28236,12.9,6.8,20.1,0,1.9,37.9,0,14.2,56,"2018","04"
"2018-04-18",23499,12.4,6.2,19.3,0,1.9,35.4,0,16.2,58,"2018","04"
"2018-04-19",20400,14,7.4,20.5,0,1.9,38.8,0,17.5,68,"2018","04"
"2018-04-20",28351,18.4,11,26.3,0,1.3,46,0,20.6,85,"2018","04"
"2018-04-21",33144,18.7,12.3,25.6,0,1.9,32,0,21.4,57,"2018","04"
"2018-04-22",8095,15.5,10.7,21,15.5,1.1,57.4,0,14.4,31,"2018","04"
"2018-04-23",1037,9.3,8.4,10.7,59,2.2,93.9,0,9.9,NA,"2018","04"
"2018-04-24",24560,12.1,8.9,16.1,3,1.4,63.3,0,12.6,NA,"2018","04"
"2018-04-25",33728,14.6,5.7,23.3,0,1.5,37.8,0,16.1,33,"2018","04"
"2018-04-26",32547,14.9,10,22.1,0,2.1,51.9,0,17.9,41,"2018","04"
"2018-04-27",32989,15.7,9.7,23.3,0,1.7,52.9,0,19.3,45,"2018","04"
"2018-04-28",33738,15.4,10.5,21.7,0,2,49,0,20,47,"2018","04"
"2018-04-29",35159,16.2,9.4,22.9,0,1.9,43.1,0,20.5,49,"2018","04"
"2018-04-30",32629,19.2,14.1,25,0,1.6,61.6,0,23,67,"2018","04"
"2018-05-01",34593,20.4,17.8,23.3,0,1.5,72.8,0,23.5,47,"2018","05"
"2018-05-02",8374,15.1,8.7,19.7,12,1.9,90.4,0,16,35,"2018","05"
"2018-05-03",25963,11.2,6.9,14.7,1,2.7,62.4,0,11.4,NA,"2018","05"
"2018-05-04",34058,14.1,8.8,20,0,2.7,45.5,0,17.9,38,"2018","05"
"2018-05-05",37389,18.3,11.6,24.6,0,2.6,46.8,0,20.4,37,"2018","05"
"2018-05-06",19809,16.6,15,20.7,22,1.1,86.4,0,17.2,16,"2018","05"
"2018-05-07",40026,19.2,14,25.5,0,1.2,60.3,0,18.4,35,"2018","05"
"2018-05-08",33738,17.5,11.6,22.9,0,1.7,50.9,0,21.3,NA,"2018","05"
"2018-05-09",37851,15.7,9.2,21.8,0,1.7,50.4,0,21.7,NA,"2018","05"
"2018-05-10",36549,15.4,11.3,21.4,0,2.3,67.4,0,22.5,38,"2018","05"
"2018-05-11",33923,16.1,11.9,21.3,0,1.8,59.8,0,21,47,"2018","05"
"2018-05-12",3551,14.2,11.8,16.1,32,0.9,89.3,0,14.6,24,"2018","05"
"2018-05-13",35668,15.8,12.7,20,0.5,1.9,82.5,0,18.4,25,"2018","05"
"2018-05-14",35918,18.2,11.9,24.5,0,1.4,71.4,0,21.2,59,"2018","05"
"2018-05-15",36476,23.2,15.4,29.3,0,1.1,56.4,0,25.3,59,"2018","05"
"2018-05-16",7072,22.3,21.8,24.4,45,1.9,93.8,0,21.6,NA,"2018","05"
"2018-05-17",3802,20.9,18.8,23.5,83,1.4,97,0,21.2,NA,"2018","05"
"2018-05-18",19629,16.3,12.2,19.3,6.5,1.3,86.8,0,18.2,NA,"2018","05"
"2018-05-19",43471,17.6,10.3,24.7,0,1.5,47.5,0,21.2,NA,"2018","05"
"2018-05-20",39036,17,11.5,22.6,0,1.4,32.1,0,16.9,NA,"2018","05"
"2018-05-21",42039,17.8,11.3,23.7,0,1.4,43.9,0,21.8,NA,"2018","05"
"2018-05-22",17444,18.1,15.4,23.2,12.5,1.1,75.5,0,19,27,"2018","05"
"2018-05-23",35975,17.3,13.6,23.3,6.5,2.5,57.1,0,21.9,51,"2018","05"
"2018-05-24",36858,18.3,11.2,23.7,0,2.2,47.4,0,22.1,92,"2018","05"
"2018-05-25",37569,19.7,13.8,26.2,0,1.8,47.4,0,23.1,83,"2018","05"
"2018-05-26",37761,21.8,14,29.6,0,1.4,50.1,0,26.3,65,"2018","05"
"2018-05-27",39534,20.3,17.3,24.7,0,1.7,47.4,0,23.6,52,"2018","05"
"2018-05-28",40775,22.3,16.2,29.1,0,1.6,49.8,0,27.9,55,"2018","05"
"2018-05-29",29925,21.4,19.1,25.9,1,1.8,69.3,0,25.2,NA,"2018","05"
"2018-05-30",39214,20.2,15.8,24.7,0,1.9,69.8,0,24.8,NA,"2018","05"
"2018-05-31",41619,20.9,14.2,27.6,0,1.9,58.9,0,28.3,46,"2018","05"
"2018-06-01",41970,23.8,17.5,30.2,0,1.9,50.4,0,30.6,47,"2018","06"
"2018-06-02",41677,23.4,17.6,30.1,0,2,44.5,0,30.8,32,"2018","06"
"2018-06-03",40565,24,16.9,30.8,0,1.6,39.4,0,31,31,"2018","06"
"2018-06-04",44014,22.6,18.9,27.5,0,1.9,50.1,0,27.4,33,"2018","06"
"2018-06-05",44118,23.7,17.7,29.2,0,1.7,52.5,0,30.7,36,"2018","06"
"2018-06-06",40440,23,18.4,27.9,0,2,62.9,0,30.9,39,"2018","06"
"2018-06-07",42038,22.2,17.8,29.4,0,2,69.3,0,30,36,"2018","06"
"2018-06-08",46516,21.9,18.5,27,0,2.1,68,0,31.1,28,"2018","06"
"2018-06-09",32839,23.7,18.9,30.1,0.5,1.4,60.6,0,29.7,32,"2018","06"
"2018-06-10",39277,21.3,18.3,24.9,0.5,1.4,59.9,0,23.7,NA,"2018","06"
"2018-06-11",30605,20.2,18,23.9,5,1.4,67.3,0,24.5,NA,"2018","06"
"2018-06-12",46201,21.3,16.6,27.1,0,1.7,65.5,0,26.2,NA,"2018","06"
"2018-06-13",49116,22,18.3,27,0,1.5,64,0,25.3,23,"2018","06"
"2018-06-14",30511,21.6,18.8,25.1,29,1.1,74.9,0,22.7,23,"2018","06"
"2018-06-15",45103,21.7,17.2,27,16.5,1.4,60.8,0,24,NA,"2018","06"
"2018-06-16",46457,22.5,16.3,28.7,0,1.4,56.4,0,26.8,NA,"2018","06"
"2018-06-17",43484,22.8,18.9,27.5,0,1.3,66.9,0,25.3,32,"2018","06"
"2018-06-18",36316,24.8,19.9,30.8,0,1.5,54.9,0,30.4,32,"2018","06"
"2018-06-19",47296,22.4,19.1,27.2,0,1.8,61.3,0,26.4,31,"2018","06"
"2018-06-20",46612,22.7,19.1,28.4,0,2.3,68.1,0,28.9,35,"2018","06"
"2018-06-21",47762,23.7,19.4,28.7,0,2.2,60.1,0,32.2,32,"2018","06"
"2018-06-22",47478,25,18.2,32,0,1.8,45.1,0,30.6,32,"2018","06"
"2018-06-23",45663,24.5,20.9,28.9,0,2,50.6,0,30.7,33,"2018","06"
"2018-06-24",39548,25.2,20.1,32.1,0,1.9,62.8,0,32.8,42,"2018","06"
"2018-06-25",46565,27.1,21.3,32.9,0,1.2,57.1,0,31.7,43,"2018","06"
"2018-06-26",6391,22.3,20.2,26.9,71.5,2.4,88.3,0,22.5,34,"2018","06"
"2018-06-27",41128,22.3,19.1,25.5,1,2,81.9,0,23.7,26,"2018","06"
"2018-06-28",27757,23.3,20.6,27.3,26.5,1.1,85.1,0,24.5,NA,"2018","06"
"2018-06-29",42765,24.7,21.9,29.1,6.5,1.5,78.5,0,26.6,29,"2018","06"
"2018-06-30",26911,24.4,21.6,27.9,14.5,0.9,83.8,0,24.7,40,"2018","06"
"2018-07-01",4358,21.9,21,22.8,83.5,0.8,94.6,0,22.2,NA,"2018","07"
"2018-07-02",6261,22.6,20.6,25.3,59.5,0.7,95.4,0,23.5,NA,"2018","07"
"2018-07-03",41350,27.4,22.5,32.6,0.1,0.8,74.4,0,29.1,NA,"2018","07"
"2018-07-04",45741,27.3,24,31.8,0,1.7,69.6,0,30,19,"2018","07"
"2018-07-05",39804,25.3,23.4,29,0.5,1.2,72.8,0,27,16,"2018","07"
"2018-07-06",49521,23.9,21.5,27.1,0,1.8,57.8,0,27,NA,"2018","07"
"2018-07-07",48015,23.7,19.5,29.2,0,1.6,51.4,0,30.9,NA,"2018","07"
"2018-07-08",48132,23.3,17.7,28.1,0,1.5,51.5,0,29.8,NA,"2018","07"
"2018-07-09",8155,20.8,20.1,24.2,14,1.1,82.3,0,22.4,NA,"2018","07"
"2018-07-10",27956,23.7,20.4,26.5,16.5,0.7,87.8,0,23.9,22,"2018","07"
"2018-07-11",35390,26.8,24.4,29.5,3,1.3,82.9,0,26.9,24,"2018","07"
"2018-07-12",43611,26.6,25.1,28.2,1,1.5,82.4,0,27,20,"2018","07"
"2018-07-13",44976,27.3,24.7,30.9,0,1.8,74.8,0,28.9,16,"2018","07"
"2018-07-14",39205,27.9,24.6,31.9,0,1.9,69.6,0,30.6,17,"2018","07"
"2018-07-15",34957,28.3,24.5,33.2,0,1.6,69.6,0,32.6,20,"2018","07"
"2018-07-16",40964,28.7,24,34,0,1.7,64.3,0,33.4,23,"2018","07"
"2018-07-17",43323,28.1,23.9,32.1,0,1.7,66.5,0,34.3,27,"2018","07"
"2018-07-18",42609,28.2,23.7,33.2,0,1.6,64.8,0,34.2,32,"2018","07"
"2018-07-19",42316,28.7,23.2,34.1,0,1.6,64.1,0,35.6,25,"2018","07"
"2018-07-20",40337,29.5,24.6,34.7,0,1.5,62.6,0,35.7,31,"2018","07"
"2018-07-21",32360,30.6,24.9,36.9,0,1.5,53.6,0,36.1,33,"2018","07"
"2018-07-22",28250,31.8,25.3,38,0,1.4,49.6,0,37.3,26,"2018","07"
"2018-07-23",38003,31.7,29.2,35.7,0,1.8,53.8,0,37.1,28,"2018","07"
"2018-07-24",37486,31.4,27.2,36.8,0,1.6,59.5,0,35.8,34,"2018","07"
"2018-07-25",39225,30.1,27.7,34.1,0,2.4,66.3,0,36.1,24,"2018","07"
"2018-07-26",37796,30.1,27.3,33.7,0,1.5,68.8,0,32.7,33,"2018","07"
"2018-07-27",34985,30.9,27.2,35.4,0,1.9,69.3,0,36.2,35,"2018","07"
"2018-07-28",24649,29.5,28,35.2,7.5,1.2,77.1,0,30.1,NA,"2018","07"
"2018-07-29",28317,31.3,26.4,36.7,0,1.2,52.4,0,32.2,12,"2018","07"
"2018-07-30",36701,31.7,26.2,36.9,0,1.2,50.9,0,34,9,"2018","07"
"2018-07-31",35262,32.6,27.8,38.3,0,1.5,50.5,0,38.8,18,"2018","07"
"2018-08-01",31169,33.6,27.8,39.6,0,1.7,55.5,0,40.1,31,"2018","08"
"2018-08-02",31321,33.7,30.3,37.9,0,1.6,54.4,0,36.8,36,"2018","08"
"2018-08-03",31646,33.1,30,37.9,0,1.9,55.3,0,39.3,38,"2018","08"
"2018-08-04",28174,31.1,28,34.9,0,2.4,60.6,0,37.8,22,"2018","08"
"2018-08-05",26989,30,27.2,33.9,2,2.6,71.8,0,34.9,21,"2018","08"
"2018-08-06",29113,30.5,28.3,35.3,6.5,1.6,71.6,0,31.4,26,"2018","08"
"2018-08-07",36983,30.5,26.8,35.9,0,1.5,63.4,0,29.7,18,"2018","08"
"2018-08-08",37140,31,27.6,35.3,0,2.1,64.8,0,35.5,21,"2018","08"
"2018-08-09",32216,28.8,27.1,32.5,2,1.5,76.3,0,32.5,21,"2018","08"
"2018-08-10",36178,30.7,25.7,36.8,0,1.4,60.9,0,32.7,16,"2018","08"
"2018-08-11",31293,31,26.4,36,0,1.5,55.8,0,36.3,12,"2018","08"
"2018-08-12",27363,30.6,27.2,35.3,5,1.5,61.3,0,34.7,15,"2018","08"
"2018-08-13",36076,30.5,26.7,34.4,1,1.4,68.6,0,29.9,26,"2018","08"
"2018-08-14",37659,31.7,27.7,37.2,0,1.3,58.3,0,34.7,23,"2018","08"
"2018-08-15",29270,31.7,28.3,38,1,1.2,59.5,0,34,NA,"2018","08"
"2018-08-16",41358,29.9,24.1,35.6,0,1.7,51,0,35.5,8,"2018","08"
"2018-08-17",47634,27.2,21.7,33.8,0,1.8,39.8,0,34.6,14,"2018","08"
"2018-08-18",45629,26.7,21.5,32.1,0,1.4,44.6,0,34.1,NA,"2018","08"
"2018-08-19",42281,28.2,23,34.4,0,1.2,50.6,0,34.4,20,"2018","08"
"2018-08-20",44243,29.1,25.1,33.3,0,2,55.6,0,32.7,29,"2018","08"
"2018-08-21",41964,26.6,23.4,31,5,2.5,71.4,0,27,21,"2018","08"
"2018-08-22",42425,30.7,23.4,37.6,0,1.1,54.1,0,34.6,19,"2018","08"
"2018-08-23",23616,29.4,25.7,32.2,3,1.7,59.1,0,31.5,12,"2018","08"
"2018-08-24",17319,24.4,23.2,26.3,7.5,2.5,86.3,0,24.7,7,"2018","08"
"2018-08-25",47109,25.2,22.7,29.3,0,2.6,68,0,25.6,19,"2018","08"
"2018-08-26",32200,23.2,20.3,29,2,1.2,70,0,24.3,15,"2018","08"
"2018-08-27",23382,22.7,20.2,24.9,19.5,0.8,91,0,24.4,14,"2018","08"
"2018-08-28",13495,23.7,22.5,26.1,96.5,0.9,92.4,0,24.4,18,"2018","08"
"2018-08-29",13001,25.2,22.7,27.4,42,2.4,86,0,24.8,NA,"2018","08"
"2018-08-30",33158,25.3,23.9,28.2,9.5,1.8,80.9,0,25.8,NA,"2018","08"
"2018-08-31",46101,25.6,22.8,30.3,0.1,1.6,67.4,0,27.2,20,"2018","08"
"2018-09-01",43847,25.5,20.8,30.9,0,1.3,59.4,0,26.5,15,"2018","09"
"2018-09-02",48427,25.1,20.1,29.6,0,1.5,55.8,0,28.4,15,"2018","09"
"2018-09-03",16086,23.3,21.4,25.8,34.5,1,85.3,0,24.3,18,"2018","09"
"2018-09-04",50500,23.2,20,27.8,0,2.2,69.4,0,24,15,"2018","09"
"2018-09-05",53984,24,19.6,28.5,0,2.5,63.5,0,24.8,24,"2018","09"
"2018-09-06",46532,24.1,20.9,28.2,1,2,69.9,0,24.7,28,"2018","09"
"2018-09-07",53230,22,19.1,25.5,0.5,2.5,54.6,0,23.3,NA,"2018","09"
"2018-09-08",55470,21.7,15.9,27.7,0,1.7,48.8,0,24.5,20,"2018","09"
"2018-09-09",54213,22.2,15.6,28.9,0,1.2,49,0,26.4,20,"2018","09"
"2018-09-10",55188,22.9,18.6,28.4,0,1.6,49.5,0,26.2,12,"2018","09"
"2018-09-11",56212,21.6,16.8,26.1,0,1.5,48.1,0,24.5,13,"2018","09"
"2018-09-12",57363,22.8,16.8,28.2,0,1.4,52,0,26.8,15,"2018","09"
"2018-09-13",55791,23.5,20.3,28.3,0,1.2,63.5,0,27.2,19,"2018","09"
"2018-09-14",49383,23.5,20.3,26.8,0.5,1.3,66.9,0,25.4,17,"2018","09"
"2018-09-15",44808,23.3,21,26,0.2,1,76,0,24,16,"2018","09"
"2018-09-16",24317,22.2,21,23.9,2,1.7,83.6,0,23.2,31,"2018","09"
"2018-09-17",55335,22.3,18.5,27.7,0.1,1.9,64.3,0,25.8,23,"2018","09"
"2018-09-18",57691,22,17.7,26.5,0,1.2,59.8,0,25.5,31,"2018","09"
"2018-09-19",44096,22.1,18.9,26.6,0.2,1,59.1,0,24.4,NA,"2018","09"
"2018-09-20",23616,19,17.8,20.1,5,1.8,82.4,0,19.8,NA,"2018","09"
"2018-09-21",32242,19.4,17.6,21.9,18,1.3,85.8,0,20.8,11,"2018","09"
"2018-09-22",49688,20.8,17.2,25.5,6.5,1.8,62.3,0,21.1,29,"2018","09"
"2018-09-23",38635,19.4,15.6,25.3,0,1.6,52.9,0,19.9,26,"2018","09"
"2018-09-24",36406,17.6,14.2,22.1,0,2.1,48.3,0,19.3,14,"2018","09"
"2018-09-25",49595,17.8,10.8,24.3,0,1.1,48,0,19.8,14,"2018","09"
"2018-09-26",57730,19.4,16.2,24.8,0,1.7,47.9,0,21.8,10,"2018","09"
"2018-09-27",58200,18.9,13.2,25,0,1.3,47.6,0,20,NA,"2018","09"
"2018-09-28",59649,17.5,14.3,22.2,0,1.2,58.1,0,18.6,17,"2018","09"
"2018-09-29",63866,20.2,14.6,27,0,1,55.5,0,21.9,14,"2018","09"
"2018-09-30",55893,17.6,14,21.6,0,2.3,52.5,0,21.2,18,"2018","09"
"2018-10-01",51808,15.4,13,19.7,0,2.9,55.1,0,19,15,"2018","10"
"2018-10-02",57280,15.9,10.3,22,0,1.6,61.4,0,19.4,23,"2018","10"
"2018-10-03",64671,17.3,11.2,24.2,0,1.3,58,0,19.8,22,"2018","10"
"2018-10-04",59413,19.3,13,25.6,0,1.3,56.5,0,20.7,19,"2018","10"
"2018-10-05",7772,16.9,15.7,19,36.5,1.7,84.1,0,17,9,"2018","10"
"2018-10-06",32510,18,16.3,21.7,55.5,2.2,84,0,18.8,NA,"2018","10"
"2018-10-07",57873,16.4,12.3,21.1,0,1.7,53.5,0,16.2,24,"2018","10"
"2018-10-08",57247,14.8,9.2,20.9,0,1.1,47,0,14.1,22,"2018","10"
"2018-10-09",61525,15.3,10.7,19.8,0,1.1,52.5,0,14.3,24,"2018","10"
"2018-10-10",44876,12,7.9,16.7,7,2.5,61,0,13.1,NA,"2018","10"
"2018-10-11",44489,9.7,6.1,13.9,0,2.1,51,0,8.9,17,"2018","10"
"2018-10-12",48529,10.9,5.2,17.4,0,1.3,54,0,12.7,NA,"2018","10"
"2018-10-13",49203,12.5,6.1,19.8,0,1,54,0,13.8,28,"2018","10"
"2018-10-14",49025,13.2,6.8,20.3,0,1.5,60,0,14.9,33,"2018","10"
"2018-10-15",49503,15.2,10.9,21,0,1.4,69.9,0,15.7,50,"2018","10"
"2018-10-16",51236,14.5,9.9,20.3,0,1.3,55.9,0,15.4,38,"2018","10"
"2018-10-17",49795,12.4,8.4,18.6,0,1.3,53.3,0,14.9,NA,"2018","10"
"2018-10-18",49560,12.7,7.5,19,0,1.1,59.5,0,14.8,22,"2018","10"
"2018-10-19",52122,13.1,7.2,20.4,0,1.4,54.3,0,14.9,23,"2018","10"
"2018-10-20",49815,13.4,6.9,21.4,0,1.2,53.9,0,15.1,38,"2018","10"
"2018-10-21",48346,13.4,7.2,21.1,0,1.1,49.5,0,14.8,36,"2018","10"
"2018-10-22",49889,14,8.8,20.6,0,1,50,0,15.1,44,"2018","10"
"2018-10-23",40223,12.2,9.8,16.9,5,1.1,75.1,0,13.1,NA,"2018","10"
"2018-10-24",50343,12.5,7.6,18.7,0,1.3,66,0,12.4,38,"2018","10"
"2018-10-25",52181,13.8,7,21.2,0,0.9,55.5,0,12.7,36,"2018","10"
"2018-10-26",24308,12.2,9.9,14.7,11,1.6,74.1,0,12.8,28,"2018","10"
"2018-10-27",33699,8.7,6.2,11.6,0,3.2,49.6,0,8.7,25,"2018","10"
"2018-10-28",20882,8.3,5.2,13.5,5.5,1.5,77.1,0,8.8,NA,"2018","10"
"2018-10-29",36107,7.2,3.4,11.7,0,2,57.3,0,7.5,16,"2018","10"
"2018-10-30",37382,6.1,0.7,11.6,0,1.6,51.3,0,6.9,23,"2018","10"
"2018-10-31",39009,7.4,3,12.6,0,1.6,55.4,0,8,22,"2018","10"
"2018-11-01",41911,8.4,2.5,15.2,0,1.3,53.4,0,8.1,NA,"2018","11"
"2018-11-02",44917,10.6,4,19,0,1.1,54.9,0,9.8,41,"2018","11"
"2018-11-03",40640,11.2,5,19.1,0,1.3,56,0,10.3,45,"2018","11"
"2018-11-04",39973,11.6,5.3,19.4,0,1.3,55,0,11,35,"2018","11"
"2018-11-05",43870,11.9,6.6,18.3,0,1.1,65.5,0,11.4,57,"2018","11"
"2018-11-06",39680,12.2,8,17.5,0,0.9,70.5,0,12,105,"2018","11"
"2018-11-07",29492,12.8,10.3,15.7,2,1.1,79.5,0,13.2,75,"2018","11"
"2018-11-08",2730,11.8,10.5,14.7,64,1.8,93.8,0,13.1,14,"2018","11"
"2018-11-09",34673,12.1,9.5,15.4,1,3.1,69,0,12.5,39,"2018","11"
"2018-11-10",34194,11.9,8.8,17.1,0,1.4,69.1,0,11.5,75,"2018","11"
"2018-11-11",23926,8.1,5.4,10.9,0,1.1,67.6,0,8.1,72,"2018","11"
"2018-11-12",38706,8.1,3.1,15.1,0,1.2,52.3,0,7.1,32,"2018","11"
"2018-11-13",40263,8.8,4.1,15.4,0,1.1,51.6,0,7.8,40,"2018","11"
"2018-11-14",41973,9.8,4.8,16.6,0,1.1,55.5,0,8.4,35,"2018","11"
"2018-11-15",39702,9.7,4.7,16.2,0,1,55.4,0,8.6,50,"2018","11"
"2018-11-16",37629,8.8,4.2,14.5,0,1.7,65.1,0,8.9,59,"2018","11"
"2018-11-17",28167,4.9,0.6,11.4,0,1.4,50.8,0,3.9,34,"2018","11"
"2018-11-18",26464,6.1,1.9,10.7,0,1.1,48.8,0,5.6,37,"2018","11"
"2018-11-19",34352,6.5,3.3,11.3,0,1.4,50.4,0,5.6,58,"2018","11"
"2018-11-20",34855,6.5,0,12.7,0.2,1.8,39.9,0,5.3,40,"2018","11"
"2018-11-21",28140,5.8,3.1,8.2,1,1.2,57.1,0,6.3,35,"2018","11"
"2018-11-22",29239,2.3,-1.3,7.1,0,2.4,35,0,2.2,21,"2018","11"
"2018-11-23",28620,1.9,-3.1,7.6,0,1.4,29.6,0,1.5,25,"2018","11"
"2018-11-24",11255,2.6,0.3,3.8,10.9,1.8,71.1,8.8,0.6,28,"2018","11"
"2018-11-25",19946,4.8,1.3,9.8,0,1,77.8,0,3.3,55,"2018","11"
"2018-11-26",30698,6.3,1.6,13.6,0,1,70.1,0,4.7,70,"2018","11"
"2018-11-27",28806,7.1,3.1,12.5,0,1.5,65,0,5.2,110,"2018","11"
"2018-11-28",29177,5,2.1,11.1,0,1.6,27.1,0,3.2,88,"2018","11"
"2018-11-29",28977,3.5,0.6,6.7,0,1.3,41.4,0,1.3,64,"2018","11"
"2018-11-30",28557,2.7,-1.5,8,0,1.4,46.1,0,2.1,52,"2018","11"
"2018-12-01",24622,5.5,0.8,12.4,0,1,42.3,0,3.2,46,"2018","12"
"2018-12-02",23035,8.2,2.8,11.8,0,1.3,50.1,0,5.1,41,"2018","12"
"2018-12-03",10638,11.5,9.3,13.5,9.5,1.4,87.4,0,9.4,43,"2018","12"
"2018-12-04",20029,6.7,-0.3,11.8,5,2.7,74.9,0,7.5,33,"2018","12"
"2018-12-05",23535,0,-4.3,3.4,0,1.5,39.5,0,0.8,27,"2018","12"
"2018-12-06",23788,2.4,-1,6.8,0,2.3,50.5,0,2.6,36,"2018","12"
"2018-12-07",15148,-7.3,-9.6,-1.1,0,3.8,37.1,0,-3.3,23,"2018","12"
"2018-12-08",9824,-8.3,-11.4,-4.4,0,2.6,37.1,0,-5.2,21,"2018","12"
"2018-12-09",8749,-7.2,-11.8,-2.1,0,1.5,27,0,-4.9,21,"2018","12"
"2018-12-10",17987,-2.5,-8.1,4.6,0,0.9,33.3,0,-2.3,40,"2018","12"
"2018-12-11",20805,0.2,-2.4,2.9,0,1.2,44.8,0,-0.6,47,"2018","12"
"2018-12-12",19339,-1.9,-5,2.4,0,2.2,39,0,-1,49,"2018","12"
"2018-12-13",11765,-2.2,-5.9,2.1,1.3,2,57.4,1.7,-0.6,43,"2018","12"
"2018-12-14",14932,-4.4,-7.8,0.6,0,1.7,44.3,0,-2.3,35,"2018","12"
"2018-12-15",12720,-2.4,-7.8,3.2,0,1,46.8,0,-1.9,74,"2018","12"
"2018-12-16",10783,0,-2.6,2.1,0.3,0.9,63.8,0.4,-0.3,73,"2018","12"
"2018-12-17",17449,1.6,-1.5,5.9,0.3,1.8,60.1,0,0.7,82,"2018","12"
"2018-12-18",20917,2.6,-2.8,7.4,0,1.4,56.3,0,-0.4,52,"2018","12"
"2018-12-19",21970,4,1.3,9.5,0,1.4,53.4,0,2.6,53,"2018","12"
"2018-12-20",22881,3.4,-1.1,10.4,0,0.9,45.5,0,2.1,67,"2018","12"
"2018-12-21",23422,5.6,0.4,9.8,0,1.1,40.1,0,2.1,89,"2018","12"
"2018-12-22",17127,6.9,2.9,12.4,0,1.5,48.9,0,5,99,"2018","12"
"2018-12-23",13601,2.4,-3.4,7.5,0,2.9,43,0,3.3,54,"2018","12"
"2018-12-24",16579,-2.3,-5.9,3.1,0,1.6,35.9,0,-0.2,23,"2018","12"
"2018-12-25",12437,0.6,-4,5.2,0,1.2,53.4,0,-0.3,38,"2018","12"
"2018-12-26",17112,-1.5,-7.1,3,0,2.8,40.8,0,1.4,50,"2018","12"
"2018-12-27",11325,-10.1,-12.5,-6.5,0,3.5,28.3,0,-4,27,"2018","12"
"2018-12-28",10445,-10.5,-14.4,-6.6,0,2.5,33,0,-5.4,32,"2018","12"
"2018-12-29",8083,-7.6,-10.5,-3,0,2.9,29,0,-4.3,32,"2018","12"
"2018-12-30",7864,-6.8,-11.3,-0.9,0,1.2,35.9,0,-4.3,36,"2018","12"
"2018-12-31",11911,-5.4,-10.5,-0.5,0,1.2,39.6,0,-4.5,55,"2018","12"
"2019-01-01",8601,-5,-8.2,-0.6,0,2.1,49.5,0,-3.9,41,"2019","01"
"2019-01-02",14360,-4.9,-8.8,0.2,0,1.7,42.8,0,-3.3,38,"2019","01"
"2019-01-03",16344,-3.5,-8.4,3.2,0,1.4,38.8,0,-2.6,41,"2019","01"
"2019-01-04",17308,-1.1,-6.2,4.1,0,1.2,55.5,0,-1.4,77,"2019","01"
"2019-01-05",12380,-2.8,-5.5,1.1,0,2.2,40.3,0,-1.2,73,"2019","01"
"2019-01-06",11094,-2.8,-6.3,2.7,0,1.2,35,0,-1.2,47,"2019","01"
"2019-01-07",16795,-1.9,-6.2,3.1,0,1.4,46.4,0,-2,64,"2019","01"
"2019-01-08",15833,-3.5,-7.2,0.5,0,2.6,31,0,-2,44,"2019","01"
"2019-01-09",15819,-4.7,-9.4,1.3,0,1.3,28.8,0,-4.1,51,"2019","01"
"2019-01-10",17894,-0.6,-4.5,3,0,1.3,48.8,0,-0.7,61,"2019","01"
"2019-01-11",19271,2.4,-0.4,7.2,0,1,58.8,0,1.2,84,"2019","01"
"2019-01-12",14519,2.8,-0.6,8,0,1.3,47.6,0,2.6,110,"2019","01"
"2019-01-13",11751,1.2,-3,7.6,0,1.4,54.3,0,0.5,130,"2019","01"
"2019-01-14",14818,1.4,-2.4,5.3,0,0.9,68.6,0,-0.3,181,"2019","01"
"2019-01-15",14761,-1.7,-7.2,2.6,0,2.7,58.8,0,0.7,138,"2019","01"
"2019-01-16",15823,-5.2,-10.1,-1.1,0,2.3,45.9,0,-1.8,43,"2019","01"
"2019-01-17",17960,-0.3,-3.2,4,0,1.7,45.8,0,0.7,42,"2019","01"
"2019-01-18",18901,0.6,-4.6,6.7,0,1.3,44,0,-0.3,65,"2019","01"
"2019-01-19",14883,3.6,0,8.5,0,1.2,59.8,0,2.1,110,"2019","01"
"2019-01-20",11191,-1.4,-5.5,4,0,3.2,38.5,0,1,70,"2019","01"
"2019-01-21",17240,-1.2,-6.7,4.2,0,1.6,57.8,0,-2.6,41,"2019","01"
"2019-01-22",19885,1.7,-3.3,7.1,0,1.7,62,0,-0.7,60,"2019","01"
"2019-01-23",19163,2,-0.8,7,0,2.3,48.9,0,1.3,79,"2019","01"
"2019-01-24",20057,0.1,-4.6,6.5,0,1.7,34.9,0,0.2,42,"2019","01"
"2019-01-25",18159,-1.2,-3.8,2.6,0,2.6,27.6,0,0,46,"2019","01"
"2019-01-26",13203,-2.5,-6.5,2.4,0,2.4,30.9,0,-0.6,44,"2019","01"
"2019-01-27",12440,-0.1,-6.6,5.1,0,1.7,52.5,0,-0.4,41,"2019","01"
"2019-01-28",17317,1.2,-2.4,4.5,0,3.1,40.4,0,2.1,66,"2019","01"
"2019-01-29",19477,-0.2,-5.6,7,0,1.5,35.5,0,0.3,64,"2019","01"
"2019-01-30",20677,1.8,-2.8,6.6,0,1.5,54.6,0,1.6,63,"2019","01"
"2019-01-31",17649,-2,-6.2,2.3,0,2.9,29,0,0.6,62,"2019","01"
"2019-02-01",17696,-2.1,-7.4,2.8,0.3,1.7,47.6,0.2,-2,36,"2019","02"
"2019-02-02",13742,1.4,-3.2,6.1,0,1,60,0,-0.2,58,"2019","02"
"2019-02-03",2010,3.3,2,4.9,16,1.7,92.9,0,2.2,48,"2019","02"
"2019-02-04",8562,-0.6,-3.3,3,0,2.1,40.4,0,1.4,73,"2019","02"
"2019-02-05",9119,2.8,-3.6,10.1,0,1,37.1,0,1.9,71,"2019","02"
"2019-02-06",13694,5.1,0.1,9.3,0,1.3,54.9,0,2.5,85,"2019","02"
"2019-02-07",14533,-2.1,-8.2,6.3,0.5,3.5,45.5,0,2.4,57,"2019","02"
"2019-02-08",14782,-6.1,-10.2,-1.3,0,2.3,31.5,0,-2.4,32,"2019","02"
"2019-02-09",11760,-5.4,-8.6,-1.9,0,2.7,30,0,-2.2,36,"2019","02"
"2019-02-10",9759,-5,-9.1,-1.9,0,1.7,31.3,0,-2.6,45,"2019","02"
"2019-02-11",16881,-3,-7.5,2,0,2.3,34.9,0,-0.6,42,"2019","02"
"2019-02-12",18862,-0.6,-4.1,3.7,0,1.9,35.5,0,1.2,65,"2019","02"
"2019-02-13",18411,-2.1,-5.7,2.5,0,2.4,26.6,0,0.4,44,"2019","02"
"2019-02-14",19376,-0.5,-5.9,6.3,0,1.4,24.3,0,1.2,56,"2019","02"
"2019-02-15",9213,-0.8,-2.9,0.9,2.2,1.9,72.8,2.4,-0.2,51,"2019","02"
"2019-02-16",12641,-2.7,-5.1,1.5,0.2,2.6,59,0.3,1.1,71,"2019","02"
"2019-02-17",13390,-1.8,-6.8,4.6,0,1.9,47.4,0,0,43,"2019","02"
"2019-02-18",19916,0.9,-4.7,5.9,0,1.3,43.5,0,-0.6,50,"2019","02"
"2019-02-19",11689,1.4,0.2,3,4.6,1.4,80.8,3.3,0,52,"2019","02"
"2019-02-20",19572,1.7,-0.1,4.5,0,2.1,67.8,0,1.8,67,"2019","02"
"2019-02-21",20995,2.4,-2.6,9,0,1.5,59.4,0,3.1,88,"2019","02"
"2019-02-22",21727,4,-1.6,10.8,0,1.5,56.1,0,4,85,"2019","02"
"2019-02-23",23742,6.8,0.5,14.5,0,1.1,41,0,5.2,73,"2019","02"
"2019-02-24",21933,6.3,1.2,13.7,0,1.8,45,0,5,79,"2019","02"
"2019-02-25",23445,4.7,1.3,10.2,0,2.3,55.8,0,5.7,92,"2019","02"
"2019-02-26",28010,5.2,-1.5,12,0,1.6,32.8,0,5.3,55,"2019","02"
"2019-02-27",28652,7.8,4.7,14,0,1.6,31.3,0,6.5,76,"2019","02"
"2019-02-28",27431,6.6,2,12.8,0,2,39.5,0,5.9,93,"2019","02"
"2019-03-01",21751,6.6,1.2,13,0,2.1,42.3,0,6.1,127,"2019","03"
"2019-03-02",22503,7.8,1.3,14.7,0,1.1,37.6,0,5.9,131,"2019","03"
"2019-03-03",24382,9.4,2.5,16.1,0,1.5,36.4,0,7.7,124,"2019","03"
"2019-03-04",26887,9.9,5,16.3,0,1.9,46.1,0,10.5,NA,"2019","03"
"2019-03-05",24042,8.4,5.6,12.9,0,2,66.3,0,8.7,193,"2019","03"
"2019-03-06",25379,8.4,5.7,12.4,0,2,55,0,9.1,146,"2019","03"
"2019-03-07",31156,7,3.1,12.7,0,2.2,51.1,0,9.9,58,"2019","03"
"2019-03-08",33073,6.1,0.6,13.4,0,1.9,39.4,0,8.2,49,"2019","03"
"2019-03-09",32421,7.2,-0.4,14.9,0,1.3,31.8,0,8.4,53,"2019","03"
"2019-03-10",31050,10.1,6.7,15.3,0,1.2,26.4,0,10.1,56,"2019","03"
"2019-03-11",28539,6.6,3.5,10,0,1.8,61,0,8.1,77,"2019","03"
"2019-03-12",25537,3.9,-0.3,7.9,0,2.7,55.1,0,3.3,81,"2019","03"
"2019-03-13",28653,3.5,-0.4,8.5,0,3.3,38.5,0,6.6,35,"2019","03"
"2019-03-14",30997,5,-1.7,10,0,1.9,45.3,0,5.9,49,"2019","03"
"2019-03-15",20481,5.5,1.6,11.3,3.5,1.6,72.8,0,10.9,53,"2019","03"
"2019-03-16",26057,4.3,0.2,9.2,0,1.8,69.9,0,5.3,42,"2019","03"
"2019-03-17",35622,6.3,2.6,12.4,0,2,55.4,0,8.8,35,"2019","03"
"2019-03-18",36313,7.1,1.4,14.4,0,1.4,43.8,0,8.3,41,"2019","03"
"2019-03-19",39908,10,3.4,16.7,0,1.4,52,0,10.3,73,"2019","03"
"2019-03-20",16204,10.3,7.1,14.6,16.5,1.4,79,0,8.6,104,"2019","03"
"2019-03-21",26455,7.1,1.9,11.1,3.3,2.9,77.4,0,8.3,36,"2019","03"
"2019-03-22",32363,3.3,-0.7,8.3,0,2.8,40.9,0,5.5,32,"2019","03"
"2019-03-23",21696,3.3,-0.4,8.2,1.7,2.4,46.9,0,4.1,24,"2019","03"
"2019-03-24",31622,4.3,-0.8,9.7,0,2.3,45.4,0,5.7,23,"2019","03"
"2019-03-25",34226,7.3,2.9,11.5,0,2,56.1,0,5.9,41,"2019","03"
"2019-03-26",42644,11.4,7.4,17.6,0,2,51.1,0,13.1,51,"2019","03"
"2019-03-27",35832,11.6,8.9,16.2,0,3,66.4,0,11.6,86,"2019","03"
"2019-03-28",38806,9.4,5.6,14.6,0,2.6,49.9,0,12.3,75,"2019","03"
"2019-03-29",43893,9.2,5.5,15.1,0,2.1,33.1,0,13.3,33,"2019","03"
"2019-03-30",14001,5.2,3.5,8.4,1.8,2.9,72,0,6.9,36,"2019","03"
"2019-03-31",22326,4.4,2.6,8.4,0,3.2,46,0,5.3,38,"2019","03"
"2019-04-01",37660,5.5,0.3,11.3,0,2.5,39.8,0,8.1,23,"2019","04"
"2019-04-02",42029,6.7,1.3,13,0,2.2,36.9,0,9.7,30,"2019","04"
"2019-04-03",43257,7.6,1.9,13.6,0,2.3,36.1,0,11.1,36,"2019","04"
"2019-04-04",45681,9.2,3,15.7,0,2.5,43,0,12.4,32,"2019","04"
"2019-04-05",45643,11.4,7,17.2,0,2.9,41,0,14.2,53,"2019","04"
"2019-04-06",25902,9.3,5.9,12.2,0.8,1.1,39.9,0,8.9,48,"2019","04"
"2019-04-07",55943,12.6,5.6,20.3,0,1.7,43.1,0,15.1,34,"2019","04"
"2019-04-08",52643,11.6,7.6,17.2,0,2.5,25.6,0,15.4,33,"2019","04"
"2019-04-09",24734,9.2,4.7,13.9,17.4,2.4,49.1,0,10.3,37,"2019","04"
"2019-04-10",26421,7.1,4.7,10.2,5.6,1.8,78.4,0,8.6,9,"2019","04"
"2019-04-11",51013,9.5,4.3,15.7,0,1.9,58,0,10.3,28,"2019","04"
"2019-04-12",55125,11.4,5.5,18.4,0,2.2,48.5,0,14.3,50,"2019","04"
"2019-04-13",57020,11.8,6.2,17.9,0,1.8,34,0,14.7,50,"2019","04"
"2019-04-14",28467,9.6,6.9,13.6,1.7,2.2,45.5,0,9.5,37,"2019","04"
"2019-04-15",55422,11.6,3.9,18.1,0,1.8,30.9,0,13.4,43,"2019","04"
"2019-04-16",60566,14.9,6.8,22.6,0,1.6,26.3,0,15.9,47,"2019","04"
"2019-04-17",62522,15.3,9.1,21.8,0,1.9,37.5,0,18,36,"2019","04"
"2019-04-18",50439,12.6,10.4,16.2,0,2,74.4,0,12.5,42,"2019","04"
"2019-04-19",60925,13.8,9.6,19.7,0,1.6,57.5,0,17.1,53,"2019","04"
"2019-04-20",51068,14.3,9.7,19.1,1.2,1.9,66.9,0,17.5,41,"2019","04"
"2019-04-21",53339,14.8,12.2,20.2,0.3,1.9,77.8,0,18.1,32,"2019","04"
"2019-04-22",63995,19.3,10.7,28.2,0,1.4,50.6,0,21.6,75,"2019","04"
"2019-04-23",58811,20.4,15.3,25.5,0,1.3,52,0,20.3,69,"2019","04"
"2019-04-24",55815,19.5,15.8,25.9,4.1,1.6,70.4,0,21,53,"2019","04"
"2019-04-25",22471,13.2,9.4,17.2,11.3,2,75.9,0,14,33,"2019","04"
"2019-04-26",26484,8.4,6.2,9.9,4.9,1.5,82.1,0,10.2,16,"2019","04"
"2019-04-27",65124,11.6,4.1,18.2,0,1.7,52.6,0,14.1,17,"2019","04"
"2019-04-28",56012,12.9,9.9,16.6,0,1.6,48.8,0,13.9,18,"2019","04"
"2019-04-29",63256,13,8.3,17.3,0,0.9,52.9,0,12.3,NA,"2019","04"
"2019-04-30",70213,15.5,9,22.5,0,1.6,52.8,0,18.1,33,"2019","04"
"2019-05-01",76439,16.4,11.2,22.2,0,2.3,48.9,0,20.2,42,"2019","05"
"2019-05-02",72430,17.1,10.6,25.3,0,2.3,28.5,0,21.3,41,"2019","05"
"2019-05-03",73647,17.9,10.1,26.1,0,1.6,37.5,0,21.9,62,"2019","05"
"2019-05-04",66392,19.5,12,27.4,0,1.7,40.4,0,22.3,91,"2019","05"
"2019-05-05",66911,19.2,13.6,26.5,0,2.2,35.8,0,23.9,74,"2019","05"
"2019-05-06",74806,14.5,9.8,19.8,0,3.1,27.1,0,22.8,35,"2019","05"
"2019-05-07",70506,15,8.4,21.9,0,2.3,33.4,0,22.1,44,"2019","05"
"2019-05-08",70426,15.6,10.1,21.3,0,2.3,48.3,0,21.3,46,"2019","05"
"2019-05-09",71707,16.6,11.7,22.9,0,2.2,43.3,0,23.9,46,"2019","05"
"2019-05-10",74960,17.8,10.3,26.8,0,1.9,48,0,24.4,58,"2019","05"
"2019-05-11",76110,20.3,13.2,28.3,0,1.8,39,0,26.4,55,"2019","05"
"2019-05-12",73318,21.6,14.7,28.9,0,1.5,36,0,26.8,53,"2019","05"
"2019-05-13",68389,18.7,15.5,22.8,0,1.6,43.4,0,19.2,54,"2019","05"
"2019-05-14",78385,19.6,12.9,26.9,0,1.6,44.5,0,25.8,40,"2019","05"
"2019-05-15",76969,20.7,14.8,28,0,1.7,48.1,0,26.8,59,"2019","05"
"2019-05-16",75399,23.5,16.7,30,0,1.5,43.8,0,29.9,57,"2019","05"
"2019-05-17",79158,23.6,17.6,28.3,0,1.2,44.9,0,26.1,49,"2019","05"
"2019-05-18",79583,22.8,19.1,25.9,0,2.1,46.8,0,28.2,28,"2019","05"
"2019-05-19",12749,19.4,17.9,21.6,22,1.2,93,0,20.4,21,"2019","05"
"2019-05-20",72066,16.4,13,20.2,8.7,3.4,63.6,0,18.6,23,"2019","05"
"2019-05-21",80599,17.2,11.7,23.8,0,2.9,52,0,21.8,38,"2019","05"
"2019-05-22",80735,19.5,12.3,26.5,0,2.4,46,0,25.1,43,"2019","05"
"2019-05-23",78504,22.1,15,29.2,0,1.7,45,0,28.5,63,"2019","05"
"2019-05-24",77190,24.2,16.2,33.4,0,1.7,46.4,0,30.6,66,"2019","05"
"2019-05-25",75791,23.4,18.4,28.6,0,1.6,45.6,0,26.7,65,"2019","05"
"2019-05-26",74327,24.5,18.6,31.1,0,1.8,39,0,30.5,33,"2019","05"
"2019-05-27",30670,17.8,14.3,22.3,7.1,2.4,80.9,0,18.2,23,"2019","05"
"2019-05-28",83654,18.1,11.9,24.6,0,2.6,45.9,0,21.8,16,"2019","05"
"2019-05-29",83496,20.3,13.3,26.5,0,2,48.4,0,26.2,33,"2019","05"
"2019-05-30",73814,19.6,14.6,24.5,0,2.4,48,0,23.8,35,"2019","05"
"2019-05-31",83765,19.1,16.1,23.3,0,2.8,49.6,0,26.5,18,"2019","05"
"2019-06-01",79878,18.9,14.8,23.7,0,1.9,60.5,0,24.8,31,"2019","06"
"2019-06-02",77091,21.1,14.1,27.8,0,1.7,42.1,0,27.8,29,"2019","06"
"2019-06-03",82911,23.1,16,29.5,0,1.8,42.9,0,30.1,29,"2019","06"
"2019-06-04",83576,22.6,17.6,29,0,2.2,56.4,0,29.9,32,"2019","06"
"2019-06-05",81515,23,17.8,29.6,0,1.8,63.8,0,31.4,43,"2019","06"
"2019-06-06",36945,21.2,18.6,25.1,7.5,1.2,75.9,0,22.4,45,"2019","06"
"2019-06-07",54701,20,17,24.7,35.3,1.9,77.3,0,21,12,"2019","06"
"2019-06-08",83736,21.9,16,27.6,0,1.4,57.5,0,22.8,22,"2019","06"
"2019-06-09",60371,21.6,17.1,26.5,2.5,1.8,66.1,0,23.7,34,"2019","06"
"2019-06-10",63032,18.4,15.7,21.9,9.5,1.6,70.3,0,19.7,NA,"2019","06"
"2019-06-11",85776,20.5,15.5,26.1,0,1.4,51.1,0,21.9,NA,"2019","06"
"2019-06-12",83506,21.5,16.1,26.4,0,1.8,57.1,0,24.4,22,"2019","06"
"2019-06-13",81540,23,16.6,28.8,0,1.7,51.9,0,27.2,24,"2019","06"
"2019-06-14",85533,23,19.1,28.4,0,1.8,54.8,0,27,26,"2019","06"
"2019-06-15",71883,21.9,17.9,27.4,2.1,2.4,61.5,0,26,24,"2019","06"
"2019-06-16",81803,22,16.1,27.2,0,1.6,55.4,0,24.7,15,"2019","06"
"2019-06-17",86987,21.7,18.1,26.2,0,2.3,59.1,0,28.2,22,"2019","06"
"2019-06-18",42393,20.8,17,24.8,13.8,1.5,78.6,0,22.5,33,"2019","06"
"2019-06-19",79958,21.4,18.9,25.4,0.2,1.9,77.8,0,23,28,"2019","06"
"2019-06-20",88226,22.7,19.8,27.8,0,1.9,70.6,0,25.9,24,"2019","06"
"2019-06-21",81089,22.1,19.4,26.1,0.2,1.7,72.9,0,25.2,23,"2019","06"
"2019-06-22",85728,24.2,17.7,30.6,0,1.5,42.3,0,28.8,10,"2019","06"
"2019-06-23",79269,25,19.1,31,0,1.8,40.4,0,30.7,NA,"2019","06"
"2019-06-24",88432,25.2,20.9,30.9,0,2,46.9,0,32.4,20,"2019","06"
"2019-06-25",88096,25.6,19.5,32.8,0,1.6,49.1,0,32.6,32,"2019","06"
"2019-06-26",81274,25.5,20.7,29.5,0,1.3,52.6,0,29.3,28,"2019","06"
"2019-06-27",79234,25.5,21.9,31.2,1.4,1.4,70.5,0,29.5,NA,"2019","06"
"2019-06-28",77056,24.7,22.3,29,0,1.7,67.3,0,29.6,40,"2019","06"
"2019-06-29",67346,23.1,19.6,27.7,1.5,1.2,72,0,24.4,28,"2019","06"
"2019-06-30",74994,23.9,20.9,28.5,0,2.3,73.5,0,28.3,34,"2019","06"
"2019-07-01",92814,23.9,20.6,28.9,0,2.3,64.4,0,29.6,30,"2019","07"
"2019-07-02",94783,24.4,20.8,30.1,0,2.3,63.5,0,30,28,"2019","07"
"2019-07-03",94773,24.1,21.2,27.4,0,1.7,64.6,0,26.9,29,"2019","07"
"2019-07-04",90397,25.4,20,32.8,0,1.9,59.6,0,32.8,26,"2019","07"
"2019-07-05",83994,27.6,20.2,35,0,1.5,42.1,0,32,29,"2019","07"
"2019-07-06",70246,29.7,24.6,36.1,0,1.7,40.9,0,37.1,28,"2019","07"
"2019-07-07",75116,26.7,22.7,32.5,0,2.2,43.3,0,33.8,15,"2019","07"
"2019-07-08",93609,25.1,21.2,31,0,2,46.6,0,32.9,17,"2019","07"
"2019-07-09",95859,25,19.7,30,0,1.8,46.4,0,29.8,13,"2019","07"
"2019-07-10",43842,22.7,19.3,27.3,8.5,2,64.1,0,26.8,13,"2019","07"
"2019-07-11",65003,21.9,19.5,25.9,2.9,1.3,76.9,0,23.2,8,"2019","07"
"2019-07-12",94473,23.6,20,28.7,0,2,65.5,0,26.1,15,"2019","07"
"2019-07-13",81067,24.9,22.1,29.7,0,1.7,67.3,0,28.3,32,"2019","07"
"2019-07-14",74259,25.9,21.2,31.6,0,1.6,64.6,0,29.4,41,"2019","07"
"2019-07-15",57917,23.8,22.1,27.4,7.7,1.1,80,0,24.6,39,"2019","07"
"2019-07-16",82285,24.7,21.4,28.8,6.3,1.3,79,0,25.7,32,"2019","07"
"2019-07-17",84261,25.6,22.3,29.2,0.7,1.2,73.9,0,26.4,54,"2019","07"
"2019-07-18",81613,26.9,23.3,32.1,0,1.2,65,0,26.5,61,"2019","07"
"2019-07-19",77449,28.6,22.8,35,0,1.5,61.3,0,30.9,33,"2019","07"
"2019-07-20",56648,28,25.1,31.9,1.1,2.1,66.9,0,28.4,11,"2019","07"
"2019-07-21",46130,25.1,24.2,27,6.2,2.2,87.1,0,26.6,18,"2019","07"
"2019-07-22",82781,26.7,24.2,31,0.1,2.2,74.6,0,26.9,41,"2019","07"
"2019-07-23",83206,28.1,24.4,32.9,0,1.7,70.8,0,29.3,22,"2019","07"
"2019-07-24",59020,26.5,25.2,27.2,1,1.6,82.3,0,26.5,22,"2019","07"
"2019-07-25",34778,26.3,25.6,27.4,9.7,1.2,90.1,0,26.6,26,"2019","07"
"2019-07-26",22789,25.1,23.7,25.9,60,1.7,95.3,0,25.4,NA,"2019","07"
"2019-07-27",50955,28.4,24.9,33.4,0.6,1.3,76.6,0,29.6,22,"2019","07"
"2019-07-28",23342,26.1,25,28.2,25.6,2.2,88.3,0,26.4,NA,"2019","07"
"2019-07-29",74046,27.5,25.6,30,0.5,2.6,74.5,0,27.5,14,"2019","07"
"2019-07-30",69757,28.1,26.3,30.8,1.2,3.4,75.3,0,27.2,18,"2019","07"
"2019-07-31",26874,25.8,24,27.5,62.3,2.2,91.1,0,25.7,NA,"2019","07"
"2019-08-01",59803,26.3,23.5,30.1,26.9,1.7,86.4,0,26.7,NA,"2019","08"
"2019-08-02",67510,28.4,24.7,33.1,0,1.2,74.6,0,28.8,20,"2019","08"
"2019-08-03",49047,29.4,25.6,36,3,1.3,69,0,30.5,17,"2019","08"
"2019-08-04",46477,28.3,25,34.4,8.6,1.2,75.9,0,29.6,29,"2019","08"
"2019-08-05",65085,30.5,25.6,35.9,0,1.1,65.5,0,30.5,37,"2019","08"
"2019-08-06",66703,31.6,27.9,36.8,0,1.5,51.4,0,31.7,25,"2019","08"
"2019-08-07",50804,26.9,23.9,30.3,8,1.2,78.1,0,27.5,21,"2019","08"
"2019-08-08",69748,28.9,25.9,32.7,0,1.6,71.4,0,29.7,40,"2019","08"
"2019-08-09",67491,29.8,26,34.6,0,1.3,69,0,30.3,26,"2019","08"
"2019-08-10",54162,31.5,26.6,36.5,0,1.5,57.9,0,33.1,27,"2019","08"
"2019-08-11",43351,30.4,26.3,35.7,6.7,2.5,53.6,0,33.2,21,"2019","08"
"2019-08-12",24386,26.6,24.8,28.5,56.2,1.3,91.8,0,26.8,21,"2019","08"
"2019-08-13",63749,29.2,25.1,35.3,6.4,1.5,76.9,0,30.7,27,"2019","08"
"2019-08-14",65452,30.4,25.9,35.7,0,1.5,63.9,0,30.5,18,"2019","08"
"2019-08-15",32229,25.9,23.9,28.6,16.2,1.3,82,0,27,10,"2019","08"
"2019-08-16",71161,25.9,23,29.5,0.1,2.2,74.5,0,27.3,17,"2019","08"
"2019-08-17",72259,25.9,23.4,28.8,0,2.5,69.5,0,26.9,28,"2019","08"
"2019-08-18",72588,25.6,22.6,30.7,0,1.7,66.5,0,28.1,24,"2019","08"
"2019-08-19",81832,26.3,21.2,31.3,0,1.1,60.6,0,27.2,24,"2019","08"
"2019-08-20",82116,28.2,23.2,32.8,0,1.5,56.3,0,30.2,28,"2019","08"
"2019-08-21",56957,27,24.4,30.4,1.3,1.2,67.3,0,29.2,35,"2019","08"
"2019-08-22",82232,26.9,23,31.4,0,1.7,66.5,0,31.5,38,"2019","08"
"2019-08-23",86624,26.2,22.7,30.5,0,2.1,58.4,0,31.7,30,"2019","08"
"2019-08-24",85630,24.1,21.5,27.3,0,1.5,60.9,0,26.7,22,"2019","08"
"2019-08-25",81028,25,20.2,29.9,0,1.5,66.6,0,30.9,19,"2019","08"
"2019-08-26",87770,26.4,21.5,32.1,0,1.2,63.8,0,31.5,27,"2019","08"
"2019-08-27",83107,25.7,22.2,29.3,20,1,71.1,0,26.4,29,"2019","08"
"2019-08-28",88718,26.1,23.6,30.2,0,1.9,66.2,0,27.7,NA,"2019","08"
"2019-08-29",65708,23.4,20.1,26.4,36.9,2.2,77.1,0,25.9,NA,"2019","08"
"2019-08-30",86733,22.6,19.5,27,0.2,2.4,66.3,0,24.1,NA,"2019","08"
"2019-08-31",90724,23.5,18.5,28.9,0,1.9,65,0,25,NA,"2019","08"
"2019-09-01",89191,23.7,19.2,27.8,0,1.4,64,0,23.8,NA,"2019","09"
"2019-09-02",92510,24.4,19.4,29.7,0,1.6,56.6,0,24.8,NA,"2019","09"
"2019-09-03",74801,24.1,22,28,0,2.3,67.6,0,26.3,25,"2019","09"
"2019-09-04",27168,22.8,21.2,25.5,22.7,2.5,89,0,23.5,9,"2019","09"
"2019-09-05",33929,23,21.5,27.6,36.4,2,91.4,0,23.7,NA,"2019","09"
"2019-09-06",16631,25.3,21.6,29.1,2.4,2.1,79.8,0,25.5,19,"2019","09"
"2019-09-07",19782,25.7,22.6,29.5,2.8,6,72.9,0,24.1,11,"2019","09"
"2019-09-08",52055,24.7,22.9,27.3,0,1.9,76.9,0,25.1,35,"2019","09"
"2019-09-09",68370,25.1,22.4,28,0,1.7,74.3,0,25.2,35,"2019","09"
"2019-09-10",18265,23.8,22.1,26.5,63.2,2.4,93.4,0,24.4,20,"2019","09"
"2019-09-11",75328,24.3,20.4,28.7,7.6,3.1,71.4,0,24.9,16,"2019","09"
"2019-09-12",32059,21,18.7,22.9,3.9,2.6,72.3,0,21.9,30,"2019","09"
"2019-09-13",57065,23.3,18.3,29.3,0.1,1.7,60.4,0,24.4,19,"2019","09"
"2019-09-14",48756,22.4,20.8,24.1,0.3,1.2,80,0,22.9,23,"2019","09"
"2019-09-15",82678,24.2,19.5,30,0,1.7,70.4,0,25.2,18,"2019","09"
"2019-09-16",89807,24.5,20.7,30.5,0,2.1,53,0,27.4,13,"2019","09"
"2019-09-17",92153,23.5,18,29,0,2.1,41.6,0,25.4,18,"2019","09"
"2019-09-18",92045,21,16,25.4,0,3.1,46,0,25.4,25,"2019","09"
"2019-09-19",91554,19.5,13.6,26,0,1.9,46.5,0,23.3,19,"2019","09"
"2019-09-20",94246,19.6,15.8,24.2,0,2.1,52.8,0,21.5,19,"2019","09"
"2019-09-21",86676,19.6,18.3,22.1,0,2,60.3,0,20.8,NA,"2019","09"
"2019-09-22",41173,18.6,17.3,19.6,0.4,3.8,63.4,0,18.5,NA,"2019","09"
"2019-09-23",92006,20,16.9,24.6,0,2.2,51.1,0,20.2,NA,"2019","09"
"2019-09-24",93546,19.8,13.9,26.5,0,1.8,61.3,0,23,21,"2019","09"
"2019-09-25",92665,20.9,14.8,27.4,0,1.4,64.4,0,23.4,30,"2019","09"
"2019-09-26",92247,22.9,17.7,29,0,1.9,59.3,0,25.1,28,"2019","09"
"2019-09-27",93345,22.9,19.6,27,0,1.9,57.5,0,24.4,20,"2019","09"
"2019-09-28",89550,23.7,19.4,29.2,0,1.7,58.9,0,25.8,28,"2019","09"
"2019-09-29",86133,22.6,17.9,28.6,0,1.7,60.6,0,24.7,39,"2019","09"
"2019-09-30",88270,22.4,16.4,29.9,0,1.6,61,0,24.3,52,"2019","09"
"2019-10-01",88575,23.1,17.6,28.2,0,1.8,67.1,0,24.5,44,"2019","10"
"2019-10-02",27368,21.6,20,24.2,23.1,3,88,0,22.2,23,"2019","10"
"2019-10-03",75438,22.4,19.8,27.3,4.6,2.8,73.4,0,22.6,10,"2019","10"
"2019-10-04",94912,22.4,18,27.8,0,2.1,71.5,0,22.9,29,"2019","10"
"2019-10-05",83020,18.7,14.7,21.9,0.6,2.9,72.6,0,20.8,35,"2019","10"
"2019-10-06",82855,18.1,13.2,22.7,0,2.9,53.4,0,19.1,12,"2019","10"
"2019-10-07",21875,14.8,13.3,17.9,25.4,1.8,92,0,16.7,14,"2019","10"
"2019-10-08",81524,14.7,10.6,19.8,0,2.6,58.8,0,16.7,NA,"2019","10"
"2019-10-09",85638,13.6,7.7,20.4,0,1.7,48.3,0,14.1,NA,"2019","10"
"2019-10-10",81742,15.2,10.7,19.8,0,1.3,60.9,0,16,28,"2019","10"
"2019-10-11",92155,18.8,13,26.1,0,1.9,60,0,18.4,30,"2019","10"
"2019-10-12",84843,17.9,13.3,23.3,0,3.5,49.3,0,18.2,21,"2019","10"
"2019-10-13",84368,17.2,12.1,23.8,0,1.9,52.6,0,17.8,16,"2019","10"
"2019-10-14",79509,14.4,9.5,19.6,0,2.5,56.9,0,17.1,28,"2019","10"
"2019-10-15",85516,14.5,8.8,20.4,0,1.6,55.6,0,14.5,NA,"2019","10"
"2019-10-16",84549,14.6,9,20.8,0,1.6,58.3,0,16.3,26,"2019","10"
"2019-10-17",85596,15.4,11.2,21.6,0,1.7,56,0,17.2,25,"2019","10"
"2019-10-18",89551,17,12,22.7,0,2.4,58.3,0,17.4,17,"2019","10"
"2019-10-19",87553,17,12.1,23.1,0,1.8,63.8,0,17.5,20,"2019","10"
"2019-10-20",79300,16.5,12,22.9,0,1.3,70.3,0,18.1,35,"2019","10"
"2019-10-21",84488,17.1,10.9,24.6,0,1,61,0,15.9,39,"2019","10"
"2019-10-22",88478,18.1,13.3,24.4,0,1.6,56.1,0,18.3,35,"2019","10"
"2019-10-23",87991,17,14.3,20.7,0,2.4,57.3,0,17.3,21,"2019","10"
"2019-10-24",89520,18.3,15.3,23.8,0,2.7,47.6,0,19.4,22,"2019","10"
"2019-10-25",84617,16.7,13.1,22,0,2.4,58,0,17.2,20,"2019","10"
"2019-10-26",67578,10,6.6,14.9,0,2.5,60,0,12.6,22,"2019","10"
"2019-10-27",65774,11,4.7,17.4,0,1.6,59,0,12,24,"2019","10"
"2019-10-28",67175,12.9,7.4,17.7,1.7,2.5,65.9,0,13,31,"2019","10"
"2019-10-29",71135,12.5,8.2,17.6,0.1,2.3,61,0,12.4,51,"2019","10"
"2019-10-30",76898,11.2,5,17.7,0,1.6,60.3,0,11.2,23,"2019","10"
"2019-10-31",76860,14.8,8.4,19.7,0,2.3,73.8,0,14.2,52,"2019","10"
"2019-11-01",77604,14.9,11.4,20.5,0,1.8,57.9,0,14.8,NA,"2019","11"
"2019-11-02",68223,13.6,8.3,18.7,0,1.5,57.3,0,13.5,68,"2019","11"
"2019-11-03",67452,14.7,9.4,22.1,0,2.1,57.8,0,15.1,49,"2019","11"
"2019-11-04",78874,13.8,9.2,20.3,0,2.1,57.8,0,13.7,16,"2019","11"
"2019-11-05",78675,12.4,8.4,18.4,0,1.6,65.1,0,12.4,33,"2019","11"
"2019-11-06",74812,11,6.3,16.5,0,1.8,63.6,0,11,49,"2019","11"
"2019-11-07",68315,9.2,5,13.6,0,2.7,42.8,0,10.3,45,"2019","11"
"2019-11-08",65110,6.8,1.1,13,0,1.9,31.4,0,7.3,NA,"2019","11"
"2019-11-09",60693,9.5,3.5,17.2,0,1.6,41.4,0,8.6,46,"2019","11"
"2019-11-10",40503,10,6.2,15.3,11.8,2.1,59.6,0,10.5,47,"2019","11"
"2019-11-11",58957,11.2,7.9,15.1,1.1,2.4,71.6,0,11.4,29,"2019","11"
"2019-11-12",68210,9.3,4.8,14.5,0,1.4,63.6,0,8.5,45,"2019","11"
"2019-11-13",39198,7.2,3,11.3,7.5,2.8,72.3,0,7.7,40,"2019","11"
"2019-11-14",45095,1.3,-2.5,5,0,2.9,30.6,0,2.6,20,"2019","11"
"2019-11-15",15069,5.6,1.4,7.6,18.8,2,87.4,0,6.2,NA,"2019","11"
"2019-11-16",45493,6.8,3.8,12.7,0,1.6,81.3,0,7.6,41,"2019","11"
"2019-11-17",11303,8.3,5.6,10.5,21.1,3.1,79.4,0,7.6,30,"2019","11"
"2019-11-18",37496,4.6,0.4,12.7,14.7,3.9,59.8,0,6.9,63,"2019","11"
"2019-11-19",40356,0.2,-3.5,4,0,2.8,48,0,2.4,28,"2019","11"
"2019-11-20",42026,0.5,-4.6,6.3,0,1.8,35.5,0,2,25,"2019","11"
"2019-11-21",47091,4.2,-2.3,9,0,1.9,37.4,0,2.9,40,"2019","11"
"2019-11-22",56700,9.7,3,17.3,0,2.1,34.1,0,6.3,43,"2019","11"
"2019-11-23",54283,12.1,7.7,17.7,0,1.8,52,0,8.7,30,"2019","11"
"2019-11-24",24304,9.8,4.6,15.6,3.8,2.2,74.6,0,8.7,34,"2019","11"
"2019-11-25",42677,1.9,-1.2,6,0,2.7,62.1,0,3.8,29,"2019","11"
"2019-11-26",52464,6.6,1.2,13.7,0,2,64,0,5.7,29,"2019","11"
"2019-11-27",46248,3.1,0.3,6.8,0,2.7,50.8,0,3.7,44,"2019","11"
"2019-11-28",46983,3.5,-0.6,10.4,0,2,52.4,0,3.8,44,"2019","11"
"2019-11-29",44689,1.5,-3.4,6.9,0,2,42.8,0,2.4,49,"2019","11"
"2019-11-30",38366,4.1,-1.4,9.3,0,1.7,42.6,0,3.2,NA,"2019","11"
"2019-12-01",9680,4.6,2.3,6.2,3.3,1.6,79.4,0,5.2,49,"2019","12"
"2019-12-02",34397,-0.1,-3.2,2.8,0,3.1,48,0,2,24,"2019","12"
"2019-12-03",33580,0.5,-5,4.2,0.6,1.6,61.3,0,1.4,31,"2019","12"
"2019-12-04",38576,2,-2,7.2,0,1.8,41.6,0,2.5,31,"2019","12"
"2019-12-05",29277,-4.4,-8.5,-0.2,0,3.2,31.9,0,-0.4,27,"2019","12"
"2019-12-06",26723,-5.9,-10.6,-1,0,1.7,34.5,0,-2.9,34,"2019","12"
"2019-12-07",23013,-2.4,-5.5,1.2,0.1,1.7,65,0,-1.3,60,"2019","12"
"2019-12-08",22597,-0.9,-5.5,4.9,0,1.4,65.1,0,-1,63,"2019","12"
"2019-12-09",34140,3.2,-1.3,8,0,2.5,56.8,0,0.7,78,"2019","12"
"2019-12-10",33275,8.1,6,10.8,1.7,1.2,82.3,0,5.9,120,"2019","12"
"2019-12-11",34049,6.3,0.1,9.8,0.2,3.4,62,0,5.8,79,"2019","12"
"2019-12-12",33704,-0.7,-3.5,3.4,0,1.8,45.4,0,0.6,25,"2019","12"
"2019-12-13",34258,2.1,-3.7,5.9,1,2,53.6,0,1.1,30,"2019","12"
"2019-12-14",27424,2.7,-0.1,6.4,0,2.3,58.3,0,3.1,46,"2019","12"
"2019-12-15",29692,5.3,0.4,11,0,2,52.5,0,3.1,40,"2019","12"
"2019-12-16",41750,7.8,2.1,12.9,0,1.9,58.9,0,4.6,38,"2019","12"
"2019-12-17",25644,7.7,3.2,10.2,9.8,2.3,81.4,0,6.9,36,"2019","12"
"2019-12-18",34899,0.8,-1.7,5.2,0,2.5,64.6,0,2.4,42,"2019","12"
"2019-12-19",32972,-0.8,-4.5,3.1,0,2.4,47.8,0,0.5,31,"2019","12"
"2019-12-20",32521,-1.1,-3.5,2,0,2.3,45.3,0,0.3,33,"2019","12"
"2019-12-21",20302,-1.2,-5.1,1.5,0.6,1.7,68.1,0,-1.4,44,"2019","12"
"2019-12-22",24430,4.1,0.3,8.4,0.3,1.7,63.4,0,2.2,67,"2019","12"
"2019-12-23",29028,3.4,0.3,5.2,2.9,2,80.4,0,3.4,61,"2019","12"
"2019-12-24",33334,0.8,-2.9,6.5,0,1.4,67.9,0,1.4,80,"2019","12"
"2019-12-25",22428,2,-2.7,6.6,0,1,60.8,0,1.5,58,"2019","12"
"2019-12-26",25007,2,-2.4,4.1,0.3,2.4,59,0,2.4,52,"2019","12"
"2019-12-27",29243,-1.7,-4.6,2.6,0,2.1,45.4,0,-0.9,37,"2019","12"
"2019-12-28",26046,1.1,-3.6,6.1,0,2,47.6,0,-0.7,47,"2019","12"
"2019-12-29",18701,3.8,1.1,6.2,1.4,2.9,52.5,0,1.7,47,"2019","12"
"2019-12-30",22952,2.7,-5.7,6.8,0.4,2.9,70.3,0,3.3,43,"2019","12"
"2019-12-31",18436,-7.9,-10.9,-4.5,0,3.1,39.3,0,-3.5,31,"2019","12"
"2020-01-01",16236,-2.2,-6.5,0.3,0.1,0.6,64.4,0,-0.9,39,"2020","01"
"2020-01-02",28890,1,-0.7,3.8,0,1.2,65.4,0,0.1,69,"2020","01"
"2020-01-03",30809,-0.1,-3.4,4.6,0,1.7,56.9,0,-0.4,78,"2020","01"
"2020-01-04",25709,1.2,-2.8,6.1,0,1.9,50.8,0,0,63,"2020","01"
"2020-01-05",23206,1.3,-3.2,6.6,0,1.1,45.6,0,-0.5,62,"2020","01"
"2020-01-06",15381,3.1,0.6,4.6,1.8,3.1,65.4,0,1,46,"2020","01"
"2020-01-07",1920,6.3,4.2,7.7,46.3,4,95,0,5.1,10,"2020","01"
"2020-01-08",21522,2.4,-0.4,8.9,11.6,3.3,86.1,0,4,32,"2020","01"
"2020-01-09",28711,-1.2,-3.1,2,0,2.3,65.3,0,1.3,54,"2020","01"
"2020-01-10",29395,-0.6,-4.3,4.2,0,1.5,62.9,0,0.2,73,"2020","01"
"2020-01-11",23246,-0.1,-2.6,3.9,0,1.9,60.9,0,0.1,60,"2020","01"
"2020-01-12",19842,-1,-3.5,2.8,0,2.4,61.5,0,0.4,53,"2020","01"
"2020-01-13",26786,-2.9,-4.7,0.2,0,2.3,51,0,-1.3,28,"2020","01"
"2020-01-14",28435,-2.3,-5.7,2.6,0,1.6,45.3,0,-1.6,34,"2020","01"
"2020-01-15",28391,-2.7,-6.4,2.2,0,1.9,44.8,0,-2,41,"2020","01"
"2020-01-16",29026,-1.7,-5.5,3.2,0,1.6,43,0,-1.6,43,"2020","01"
"2020-01-17",29626,-0.6,-4.8,4.9,0,1.5,43.9,0,-0.8,64,"2020","01"
"2020-01-18",24635,0.3,-4.1,5.9,0,1.8,48.1,0,-0.6,68,"2020","01"
"2020-01-19",17682,1.9,-0.4,5.3,0.6,2.2,62.8,0.3,0.5,72,"2020","01"
"2020-01-20",28611,0.7,-3.3,5.5,0,2.5,46.8,0,-0.1,54,"2020","01"
"2020-01-21",30618,-0.4,-5.6,5.5,0,1.4,36.9,0,-0.8,49,"2020","01"
"2020-01-22",33011,3,-0.1,7.8,0,1.7,36,0,1.3,50,"2020","01"
"2020-01-23",34466,4.6,0,9.9,0,2,49.3,0,2.2,71,"2020","01"
"2020-01-24",19230,2.8,-1.3,7.4,0,1.7,63,0,1.9,82,"2020","01"
"2020-01-25",15233,4.3,0.6,8.8,0,1.5,63.1,0,2.4,58,"2020","01"
"2020-01-26",22685,5.5,-0.2,11.9,0,2.7,56.3,0,3.5,28,"2020","01"
"2020-01-27",16836,5.9,4.8,7.5,0.1,4.6,48.1,0,3.6,10,"2020","01"
"2020-01-28",32098,6.8,4.3,9.9,0,2.6,49.4,0,4.6,11,"2020","01"
"2020-01-29",37990,6,3.2,9.6,0,2.1,46.4,0,3.7,15,"2020","01"
"2020-01-30",38079,5.2,1.4,10.4,0,1.8,47,0,3,17,"2020","01"
"2020-01-31",35857,3.9,1.4,8.9,0,2.3,59.6,0,2.8,34,"2020","01"
"2020-02-01",27151,2.6,-1.2,7.6,0,1.7,66.6,0,2.3,86,"2020","02"
"2020-02-02",22384,1.5,-2.1,5.3,0,1.8,52.3,0,1.9,90,"2020","02"
"2020-02-03",29681,-0.4,-2.9,3,0,3.1,43.6,0,2.3,29,"2020","02"
"2020-02-04",23006,-1.6,-6,3.9,1.7,2.8,50.3,0.8,0.3,32,"2020","02"
"2020-02-05",20311,-8.3,-11,-4.9,0,3.3,37.3,0,-2.5,28,"2020","02"
"2020-02-06",22401,-6.4,-11.8,0.4,0,1.9,36.4,0,-2.7,46,"2020","02"
"2020-02-07",26540,-1.7,-7.2,2.2,0,2,45.1,0,-0.4,44,"2020","02"
"2020-02-08",22046,-0.1,-2.3,3.7,0,3,48.1,0,1.4,50,"2020","02"
"2020-02-09",21099,-0.5,-5.6,4.1,0,2,51.1,0,0.5,42,"2020","02"
"2020-02-10",33956,4,-0.7,9.6,0,1.7,49.4,0,3.4,54,"2020","02"
"2020-02-11",40563,6.8,-0.5,14.6,0,1.6,37,0,0.6,68,"2020","02"
"2020-02-12",10698,7.4,6.5,8.2,6.7,2.2,73.4,0,5.8,63,"2020","02"
"2020-02-13",34375,6.5,4.9,8.7,0,1.7,84.8,0,6.6,90,"2020","02"
"2020-02-14",41229,8.1,3.2,14.7,0,1.2,70.3,0,6.9,99,"2020","02"
"2020-02-15",29837,9.8,6.2,15.6,2,2.7,63,0,6.6,76,"2020","02"
"2020-02-16",6798,-1.4,-4.3,7.7,13.4,4,81.1,3.9,2.2,58,"2020","02"
"2020-02-17",13777,-5.9,-7.1,-3.9,1,3.4,64.3,3.8,0.3,NA,"2020","02"
"2020-02-18",19773,-4.1,-8.3,1.3,0,2.3,44,0,-0.1,29,"2020","02"
"2020-02-19",32721,1,-4.4,6.4,0,1.5,56.8,0,1.8,43,"2020","02"
"2020-02-20",36027,4.6,-0.6,10.8,0,1.7,62.6,0,4,76,"2020","02"
"2020-02-21",29779,6.7,2.1,10.9,4.2,2.2,66.3,0,4.4,76,"2020","02"
"2020-02-22",18290,4,0,7.9,3.1,4,62,0,4.2,75,"2020","02"
"2020-02-23",25159,2.5,-2.5,8,0,2,48.6,0,3.6,24,"2020","02"
"2020-02-24",36094,7,0.8,12.2,0,1.6,51.8,0,6.1,42,"2020","02"
"2020-02-25",15939,6.7,4.7,9.4,16.6,4.2,73.5,0,6,28,"2020","02"
"2020-02-26",35773,6.4,2.8,10.4,0,2.1,59.6,0,5.4,21,"2020","02"
"2020-02-27",38526,6.1,1.3,12.5,0,2,54,0,6,17,"2020","02"
"2020-02-28",12644,4.5,3.6,5.9,3.9,1.4,79.4,0,4.7,32,"2020","02"
"2020-02-29",35697,7.7,4.5,13,0.5,1.7,68.6,0,8.4,26,"2020","02"
"2020-03-01",24431,5.8,3.2,10.1,0.2,2,71.8,0,5.5,57,"2020","03"
"2020-03-02",36641,3.4,0,7.6,0,2.7,55.3,0,5,42,"2020","03"
"2020-03-03",39447,4.8,0.3,10.5,0,2.6,57,0,3.7,55,"2020","03"
"2020-03-04",31269,2.2,-1.3,4.6,0,3.7,53.4,0,4,54,"2020","03"
"2020-03-05",35851,1.4,-2.8,6.3,0,2.5,47.5,0,3.8,43,"2020","03"
"2020-03-06",40897,3.7,-2.5,10.1,0,1.6,46.8,0,4.5,51,"2020","03"
"2020-03-07",42379,7,1.3,14.2,0,2,39.5,0,7,78,"2020","03"
"2020-03-08",54245,9.3,2.3,16.9,0,1.6,43.8,0,8.6,73,"2020","03"
"2020-03-09",53020,11.1,4.8,17.6,0,1.8,37.6,0,9.7,70,"2020","03"
"2020-03-10",10606,6.4,3.2,10.8,11.8,2.8,78.4,0,6.5,56,"2020","03"
"2020-03-11",45245,3.8,0,8.3,0,3.3,41.8,0,4.8,31,"2020","03"
"2020-03-12",50094,6.8,0.2,13.3,0,2.5,49.8,0,5.5,33,"2020","03"
"2020-03-13",43554,4.9,-0.1,8.7,0.5,3.3,41,0,7.7,32,"2020","03"
"2020-03-14",42569,3.6,-2.7,8.6,0,3,48.1,0,5.6,46,"2020","03"
"2020-03-15",33215,4,0.2,8.5,0,3.6,48.3,0,6.2,43,"2020","03"
"2020-03-16",42441,3.6,-2.1,9.1,0,2.8,42.4,0,6.1,25,"2020","03"
"2020-03-17",47241,6.6,3.1,12.3,0,2.1,65.8,0,7.5,48,"2020","03"
"2020-03-18",62119,10,2.7,17,0,1.8,45.8,0,9.8,66,"2020","03"
"2020-03-19",24256,9.1,5.8,12.1,0,4.8,49,0,9.9,57,"2020","03"
"2020-03-20",53839,8.8,3.1,14,0,3.1,39.6,0,9.9,30,"2020","03"
"2020-03-21",63759,12.8,7.9,19.5,0,2,56.5,0,13.9,44,"2020","03"
"2020-03-22",64436,11,6.1,16.5,0,3,37.5,0,13.6,40,"2020","03"
"2020-03-23",63686,10.6,5.4,17,0,1.9,37.9,0,12.6,55,"2020","03"
"2020-03-24",69998,11.4,5.3,17.9,0,1.8,35,0,13.2,63,"2020","03"
"2020-03-25",73460,12.5,6.1,19.2,0,1.9,33.6,0,13.9,56,"2020","03"
"2020-03-26",47633,14.8,8.1,20.6,1.8,1.9,53.8,0,13.5,57,"2020","03"
"2020-03-27",60183,11.9,6.7,15.8,2,3.3,56.4,0,14.4,47,"2020","03"
"2020-03-28",64677,7.7,4.5,12.8,0,3.2,17.9,0,10.8,31,"2020","03"
"2020-03-29",68430,8.7,1.3,16.1,0,2,30.6,0,11.8,43,"2020","03"
"2020-03-30",69293,10.2,4.3,16.9,0,1.8,38.4,0,13.3,59,"2020","03"
"2020-03-31",74621,11.9,4.7,18.6,0,2,34.5,0,14.5,52,"2020","03"
"2020-04-01",70258,11.3,6,17.4,0,3.7,35.6,0,15,81,"2020","04"
"2020-04-02",72129,9.3,3.4,15.5,0,2.3,41.4,0,13.1,44,"2020","04"
"2020-04-03",74856,10,5.3,16.3,0,2.7,53.8,0,14.2,64,"2020","04"
"2020-04-04",66405,8.9,5,13.3,0,3.4,36.4,0,13.8,69,"2020","04"
"2020-04-05",64111,7.2,1.9,13.7,0,2.8,29.5,0,12.4,49,"2020","04"
"2020-04-06",68414,9.3,2.9,16.1,0,2.4,38.3,0,13.8,55,"2020","04"
"2020-04-07",73685,10.6,6,16.8,0,2.5,56.6,0,14.8,56,"2020","04"
"2020-04-08",72863,9.4,5.2,14.2,0,3.5,25.5,0,14.3,41,"2020","04"
"2020-04-09",73382,8.9,4.3,14.7,0,2.8,44.6,0,14,48,"2020","04"
"2020-04-10",75021,10.7,5.8,16.8,0,2.4,52.6,0,17,42,"2020","04"
"2020-04-11",75637,9.9,6.2,16,0,2.5,63.8,0,15.6,40,"2020","04"
"2020-04-12",63335,9.9,4.4,15.6,0,3.8,58.6,0,13.2,34,"2020","04"
"2020-04-13",77604,12.4,4.3,20.4,0,3.1,39.4,0,18,21,"2020","04"
"2020-04-14",83798,13,7.6,19.6,0,2.4,46.8,0,18.7,55,"2020","04"
"2020-04-15",89789,13.2,7.2,20.2,0,2.2,39.8,0,17.5,77,"2020","04"
"2020-04-16",83970,16,8.9,23.8,0,2.3,39.9,0,20.1,64,"2020","04"
"2020-04-17",35656,12.5,10.4,15.4,6.5,2.4,77.8,0,12.1,47,"2020","04"
"2020-04-18",92829,13.5,8.5,19.6,0,2.6,67.9,0,18.1,31,"2020","04"
"2020-04-19",29375,12.3,9.5,15.5,10.3,2.7,75.8,0,12.5,27,"2020","04"
"2020-04-20",56129,10,7.6,13.1,0.1,3.3,73,0,10.2,19,"2020","04"
"2020-04-21",58746,7.4,4.8,10.4,0,4.4,49,0,12.2,33,"2020","04"
"2020-04-22",51337,6,4.1,8.3,0,4,46.8,0,9.8,64,"2020","04"
"2020-04-23",64765,7.9,2.9,12.8,0,3.7,47.8,0,12.7,39,"2020","04"
"2020-04-24",72883,9.9,4.1,14.3,0,3.9,55.6,0,14.5,35,"2020","04"
"2020-04-25",78419,13.1,9.9,17.1,0,3.9,54.4,0,15.7,51,"2020","04"
"2020-04-26",82600,12.3,6.8,19,0,3.2,43.1,0,18.3,35,"2020","04"
"2020-04-27",77149,12.9,8.7,18.3,0,2.8,49.8,0,17.1,37,"2020","04"
"2020-04-28",86541,13.9,7.8,19.9,0,3,50,0,20.1,42,"2020","04"
"2020-04-29",88827,14.9,9.3,21,0,2.6,48.6,0,21.1,53,"2020","04"
"2020-04-30",96877,17.1,9.3,23.4,0,2.7,57.1,0,23,38,"2020","04"
"2020-05-01",93249,20.2,16.4,26.2,0,2.7,73.6,0,25.7,50,"2020","05"
"2020-05-02",88508,20.3,18,23.9,0,2.3,79.6,0,22.7,44,"2020","05"
"2020-05-03",89287,21.8,17,27.4,0,2,68.8,0,26.7,28,"2020","05"
"2020-05-04",93579,20.2,14.8,25.3,0,2.7,63.9,0,28.9,35,"2020","05"
"2020-05-05",88219,16,13.1,19.3,0,1.9,67.9,0,17.1,33,"2020","05"
"2020-05-06",88561,19.4,11.1,27.6,0,2.1,50,0,26.5,36,"2020","05"
"2020-05-07",90645,20.7,14.9,26.5,0,2.5,32.5,0,25.7,33,"2020","05"
"2020-05-08",63474,19.9,14.3,27.3,2.3,2.4,32.8,0,27.3,34,"2020","05"
"2020-05-09",7600,14.2,12.7,16.8,24.4,3.6,94.4,0,15.1,16,"2020","05"
"2020-05-10",65932,14.4,12.8,16.6,1.3,2.5,88.6,0,15.7,37,"2020","05"
"2020-05-11",76042,16.5,12.4,22,3.4,3,61,0,20.2,98,"2020","05"
"2020-05-12",78200,14.3,10.5,18.9,0.7,2.9,69.4,0,17.6,38,"2020","05"
"2020-05-13",89183,16.1,10.2,21.8,0,2.8,47.3,0,20.5,34,"2020","05"
"2020-05-14",89149,19.3,12.4,25.4,0,2,35.4,0,21.8,42,"2020","05"
"2020-05-15",13782,16.1,14.1,20.2,12,3,81.4,0,15.9,33,"2020","05"
"2020-05-16",64549,16.7,15,20.3,2.5,1.6,90.3,0,18.3,29,"2020","05"
"2020-05-17",89449,19.1,14.6,24.9,0,1.7,80.1,0,21.2,44,"2020","05"
"2020-05-18",36761,19.1,13.2,26.8,29.8,2.4,79.4,0,21.6,44,"2020","05"
"2020-05-19",55556,13,10.1,17.1,19,3.2,73.6,0,16.1,NA,"2020","05"
"2020-05-20",88257,14.4,9.2,20.1,0,1.9,60.4,0,17.3,15,"2020","05"
"2020-05-21",93930,17.4,10.9,22.9,0,2.1,56.1,0,20.5,25,"2020","05"
"2020-05-22",89317,18.5,14.8,22.7,0,1.9,68.5,0,20,53,"2020","05"
"2020-05-23",101256,20.1,16.6,25,0,2.2,66.1,0,23.3,50,"2020","05"
"2020-05-24",80357,17.1,14.3,20.2,14.5,2.9,84.8,0,19,29,"2020","05"
"2020-05-25",92531,16.6,13.7,21.3,0,2.1,81,0,20.3,45,"2020","05"
"2020-05-26",68498,16.2,12.7,22.9,1.5,2.1,81.9,0,19.2,48,"2020","05"
"2020-05-27",101949,17.4,11.8,23.9,0,2.6,68.5,0,21.4,19,"2020","05"
"2020-05-28",99792,18.7,14.2,23.4,0,1.9,62.8,0,20.5,24,"2020","05"
"2020-05-29",103999,20.7,14.6,27.6,0,2,65.6,0,24.3,30,"2020","05"
"2020-05-30",105172,22.6,16.5,30,0,1.9,57.3,0,27.6,33,"2020","05"
"2020-05-31",93547,21.2,17.6,28,1,2.3,63,0,25.7,34,"2020","05"
"2020-06-01",99930,19.7,16.6,24.5,0.4,3.4,64.3,0,26.6,25,"2020","06"
"2020-06-02",79833,17.9,14.8,21.8,2,2.2,71,0,18.3,NA,"2020","06"
"2020-06-03",103887,22,17.6,28.4,0,2.4,73.3,0,27.1,56,"2020","06"
"2020-06-04",97656,21.9,19.7,26.5,0.2,2.7,81.1,0,26.8,71,"2020","06"
"2020-06-05",107343,23,18.4,28.7,0,1.8,69.4,0,29.8,42,"2020","06"
"2020-06-06",105033,24.6,19.2,30.9,0,2,63.6,0,31.4,48,"2020","06"
"2020-06-07",101848,22.7,19.2,29.2,0,2.3,69.4,0,30.2,41,"2020","06"
"2020-06-08",103582,25,19.8,32,0,2.1,63.6,0,32.7,39,"2020","06"
"2020-06-09",102084,26.7,20.3,32.8,0,2.3,51.6,0,34.1,47,"2020","06"
"2020-06-10",58133,25.8,22.5,32.1,6.2,2,63.8,0,32.8,47,"2020","06"
"2020-06-11",100031,26.1,21.7,31.6,0,2.2,68.3,0,30.1,NA,"2020","06"
"2020-06-12",109210,24.7,21.6,27.6,0,1.7,68.6,0,25.8,NA,"2020","06"
"2020-06-13",90396,26.9,20.6,33.5,0,1.9,52.8,0,34.6,52,"2020","06"
"2020-06-14",94406,24,20.1,28.8,1.1,2.9,70.6,0,29.6,NA,"2020","06"
"2020-06-15",108320,23,18.2,28.6,0,2.8,62.3,0,31.1,35,"2020","06"
"2020-06-16",106519,24.4,20,30.7,0,2.2,63,0,32.2,NA,"2020","06"
"2020-06-17",107723,24.3,20.2,30.3,0,2,58.6,0,31.1,NA,"2020","06"
"2020-06-18",110377,23.4,20.3,27.3,0,1.6,61.4,0,26.7,40,"2020","06"
"2020-06-19",109124,24.7,21.1,30,0.1,2.1,61.4,0,29.6,30,"2020","06"
"2020-06-20",102333,24.9,20.7,29.7,0,2.1,62.6,0,31.9,40,"2020","06"
"2020-06-21",95453,26.1,19.5,32.7,0,2,59.5,0,34.1,38,"2020","06"
"2020-06-22",98394,28.6,21.7,35.4,0,2,50.5,0,36.3,40,"2020","06"
"2020-06-23",103214,27.3,23.2,31,0,1.9,53.5,0,32.1,46,"2020","06"
"2020-06-24",19756,22.3,19.9,26.3,37.6,2.7,83.5,0,22.7,41,"2020","06"
"2020-06-25",46415,21.6,20.1,23.4,13.3,2.2,91,0,23,25,"2020","06"
"2020-06-26",96150,21.8,19.2,25.7,2.1,3.2,82.1,0,22.9,30,"2020","06"
"2020-06-27",107001,24.1,20.4,29.6,0,2,70.4,0,25.2,29,"2020","06"
"2020-06-28",98568,25.2,21.5,30.1,0,2.4,70.5,0,28.6,38,"2020","06"
"2020-06-29",70053,23.8,20.6,26.5,11.9,2.4,77,0,23.9,49,"2020","06"
"2020-06-30",38086,20.1,18.4,23.1,64.7,4,83,0,20.8,NA,"2020","06"
"2020-07-01",105196,21.1,18.1,24.3,0,1.9,79.3,0,21.3,NA,"2020","07"
"2020-07-02",107842,24.2,20.4,29.8,0,1.9,74.5,0,24.5,NA,"2020","07"
"2020-07-03",102753,25.5,21.6,30.6,0.1,2.6,63.5,0,28.6,NA,"2020","07"
"2020-07-04",98488,24.2,20.4,29.5,1.6,2.1,63.9,0,28.2,NA,"2020","07"
"2020-07-05",104664,23.8,19.9,27.6,0,1.9,68.6,0,26.7,33,"2020","07"
"2020-07-06",106825,25.6,21.8,30.9,0,2.1,66.6,0,28.5,29,"2020","07"
"2020-07-07",91407,24.1,22.1,28.1,0,2.5,75.5,0,28.3,NA,"2020","07"
"2020-07-08",105876,25.5,21.3,30.4,0,2,71.9,0,30.5,41,"2020","07"
"2020-07-09",102828,27.5,21.8,32.9,0,1.7,64.6,0,31.9,NA,"2020","07"
"2020-07-10",90880,24.5,22.7,27.7,2.2,2.8,75,0,25.2,NA,"2020","07"
"2020-07-11",103657,25.8,22.2,30.2,0,2.6,62.6,0,29.7,8,"2020","07"
"2020-07-12",57367,23.5,21.7,26,2.9,2.4,71.9,0,25.3,15,"2020","07"
"2020-07-13",4859,18.7,17.7,21.7,47.6,4,94.8,0,20.1,9,"2020","07"
"2020-07-14",85486,20.3,17.2,24.3,11.5,2.8,79.4,0,22.6,NA,"2020","07"
"2020-07-15",106949,23.4,18.9,28.7,0,2,63.1,0,26.4,13,"2020","07"
"2020-07-16",102741,25,20.4,29.7,0,1.8,70.9,0,27.4,25,"2020","07"
"2020-07-17",99949,26,21.5,31.6,0,1.9,72,0,28.3,39,"2020","07"
"2020-07-18",98309,26.1,22.8,31,0,1.6,71.6,0,27.9,NA,"2020","07"
"2020-07-19",60804,24,20.6,26.6,29.1,2.7,81.6,0,22.9,NA,"2020","07"
"2020-07-20",72291,23.8,22.4,26.6,3.6,3.7,86.3,0,23.8,NA,"2020","07"
"2020-07-21",100825,25,21.4,30.5,0,1.6,77,0,25.6,36,"2020","07"
"2020-07-22",46448,23.7,22.6,25.7,11.5,1.6,89.3,0,24,NA,"2020","07"
"2020-07-23",10739,21.1,18.5,22.6,103.1,3.6,95.5,0,21.8,NA,"2020","07"
"2020-07-24",76995,22.5,18.7,26.8,2.9,4.6,74.3,0,21.2,NA,"2020","07"
"2020-07-25",102498,24.3,22.3,29,0,3.1,69.3,0,23.9,NA,"2020","07"
"2020-07-26",94802,25.4,21.6,29.6,0,2,69.3,0,25.6,NA,"2020","07"
"2020-07-27",52922,24.3,22.9,25.5,2.2,2.2,86.4,0,25.2,NA,"2020","07"
"2020-07-28",68214,24.4,22.7,26.4,0.4,2,84.8,0,25,14,"2020","07"
"2020-07-29",31724,23.7,22.6,24.9,50.1,2,95.8,0,23.9,13,"2020","07"
"2020-07-30",92468,25.3,23.4,28.4,0.1,2.1,85.5,0,26.9,18,"2020","07"
"2020-07-31",95705,26.2,22.8,29.6,1.5,2,81.9,0,27.2,21,"2020","07"
"2020-08-01",34998,25.3,24.3,26.9,39.1,1.7,90.9,0,25.7,14,"2020","08"
"2020-08-02",11491,24.9,23.5,26.4,31.4,2.3,96.3,0,25.2,NA,"2020","08"
"2020-08-03",17575,25,23.9,26.3,102.6,3,96.3,0,25.1,NA,"2020","08"
"2020-08-04",49378,27,25,29.4,3.9,3.5,89.3,0,26.9,NA,"2020","08"
"2020-08-05",28751,26.5,25.5,29.1,18.5,1.9,92.1,0,26.7,NA,"2020","08"
"2020-08-06",51456,24.1,22.9,26,75.7,3.3,92.8,0,24.8,NA,"2020","08"
"2020-08-07",78071,24.3,22.6,26.1,0,1.8,85.3,0,24.8,44,"2020","08"
"2020-08-08",40020,24.2,22.7,26.1,19.1,2.3,89.5,0,24.9,NA,"2020","08"
"2020-08-09",12384,24.9,23.7,25.8,50.3,2.6,95.4,0,24.3,NA,"2020","08"
"2020-08-10",23519,26.5,24.7,29.5,44.6,2,91.6,0,26.4,NA,"2020","08"
"2020-08-11",50974,24.6,22.4,27.3,97,2.2,92.5,0,25.2,NA,"2020","08"
"2020-08-12",78261,27.2,23.5,31.3,0,1.9,83.9,0,28.3,NA,"2020","08"
"2020-08-13",79353,28,26.3,30.3,0,2.5,82.4,0,27.4,NA,"2020","08"
"2020-08-14",72875,27.1,26.5,28,0.4,3.5,86.1,0,26.3,NA,"2020","08"
"2020-08-15",26267,26.1,25,27,69,1.9,96,0,25.9,NA,"2020","08"
"2020-08-16",66011,27.4,25.3,30.8,0,3,82.6,0,27.9,NA,"2020","08"
"2020-08-17",73368,28.2,26.1,32.2,0,2.3,77.9,0,29,NA,"2020","08"
"2020-08-18",82202,27.5,24,31.9,0,1.6,76.3,0,29.1,NA,"2020","08"
"2020-08-19",84665,27.1,23.6,31.4,0,2,76.8,0,28.6,NA,"2020","08"
"2020-08-20",85420,27.7,25,31.7,0,1.7,76,0,27.6,NA,"2020","08"
"2020-08-21",78701,26.6,25.2,29.2,2.5,1.6,83.1,0,27.6,NA,"2020","08"
"2020-08-22",40126,24.3,21.7,27.6,42.6,2.1,87.4,0,25.2,NA,"2020","08"
"2020-08-23",80594,25.3,21.5,29.9,0,1.9,78.4,0,27.2,NA,"2020","08"
"2020-08-24",90297,27.8,23.7,32,0,2.2,71.6,0,28.6,33,"2020","08"
"2020-08-25",87894,29.9,26,34.5,0,2.1,69.5,0,30.5,NA,"2020","08"
"2020-08-26",40169,30.2,27,34.5,0.6,3.4,68.3,0,29.3,NA,"2020","08"
"2020-08-27",32745,27.1,25.6,28.6,8.7,3.6,84.6,0,27.2,NA,"2020","08"
"2020-08-28",62045,27.3,26,29.7,13.6,1.6,89.1,0,28.1,NA,"2020","08"
"2020-08-29",33797,26.8,25.5,29,13.6,1.3,90.1,0,28.7,NA,"2020","08"
"2020-08-30",52904,26.8,24.4,30.6,42.5,2.1,88.8,0,28.1,NA,"2020","08"
"2020-08-31",87662,26.4,23.8,30,0,2.8,77.9,0,27.2,9,"2020","08"
"2020-09-01",87892,26.6,23.8,29.5,0,1.9,72.4,0,27,16,"2020","09"
"2020-09-02",13744,24.3,22.6,26.4,33.3,2.3,91.3,0,25.3,16,"2020","09"
"2020-09-03",71524,22.7,20,25.6,29.8,4.8,82,0,24,NA,"2020","09"
"2020-09-04",115059,23.3,19.9,27.5,0,2.7,63.9,0,23.7,19,"2020","09"
"2020-09-05",113253,23.3,19.2,27.3,0,2,66.6,0,23.4,28,"2020","09"
"2020-09-06",54125,21.7,19.5,24.4,6.4,2.7,80,0,22.7,21,"2020","09"
"2020-09-07",3144,19.2,17.5,20.6,61,4.2,93.5,0,20.1,NA,"2020","09"
"2020-09-08",104606,23.4,20.6,26.5,0,4.2,71.5,0,23.1,27,"2020","09"
"2020-09-09",75412,21.1,19,25.3,1.3,2.1,83.4,0,22.2,26,"2020","09"
"2020-09-10",107150,22.8,18.8,27,3.9,2,75.8,0,24.4,24,"2020","09"
"2020-09-11",61474,22.4,19.2,27.1,1.2,2.8,72.6,0,22.7,22,"2020","09"
"2020-09-12",44703,20.2,18.1,23.2,5.7,2,83.8,0,21.5,9,"2020","09"
"2020-09-13",118921,21.5,16.7,26.6,0,1.9,70.4,0,24.1,NA,"2020","09"
"2020-09-14",106465,21.3,17.6,24.9,0,1.8,79.3,0,22.8,29,"2020","09"
"2020-09-15",111912,23,18.9,27.7,0,1.6,76.4,0,23.9,42,"2020","09"
"2020-09-16",88745,22.5,21.3,24.9,0.3,1.9,79.9,0,22.2,20,"2020","09"
"2020-09-17",110088,21.3,20.1,23.6,0,2.1,70.3,0,21.5,21,"2020","09"
"2020-09-18",118363,21.5,18.1,25.8,0,2.8,62,0,22.4,24,"2020","09"
"2020-09-19",117633,21.2,17.6,26.2,0.3,2.2,59.3,0,21.8,NA,"2020","09"
"2020-09-20",110798,19.7,15.6,24.9,0,2,57.6,0,21.2,19,"2020","09"
"2020-09-21",108369,19.1,13.6,25.3,0,1.7,56.1,0,20.6,24,"2020","09"
"2020-09-22",112619,20.2,15.5,25.6,0,2.8,55.3,0,21.8,NA,"2020","09"
"2020-09-23",111343,19.2,15.2,23.8,0,3.3,59.9,0,20.8,NA,"2020","09"
"2020-09-24",111994,20.6,16.8,25.4,0,3.7,59.6,0,22,11,"2020","09"
"2020-09-25",114720,20.1,16.6,25.4,0,2.5,64.1,0,21.5,14,"2020","09"
"2020-09-26",115111,19.3,14.8,24.8,0,2.4,62.5,0,20.4,15,"2020","09"
"2020-09-27",109610,20.4,14.9,25.8,0,2,63.3,0,21.4,16,"2020","09"
"2020-09-28",107714,20.7,15.7,26.5,0,2,66,0,22,NA,"2020","09"
"2020-09-29",113823,19.6,15.3,23.9,0,1.9,67.6,0,20.7,42,"2020","09"
"2020-09-30",71676,19.6,16.2,25.7,38.3,1.7,78,0,21.1,NA,"2020","09"
"2020-10-01",82099,18.8,15.6,23.6,0,2.1,74.9,0,19.6,NA,"2020","10"
"2020-10-02",75275,19.2,16.3,21.9,0,2.3,79.6,0,18.5,38,"2020","10"
"2020-10-03",97726,19.9,18.3,23.2,0,1.6,72.5,0,19.8,54,"2020","10"
"2020-10-04",86091,16.6,10.6,21.8,0,2.8,65.1,0,17.8,35,"2020","10"
"2020-10-05",93156,13.3,8.5,18.4,0,2.5,57.3,0,14.5,31,"2020","10"
"2020-10-06",100369,14.2,9.3,19.7,0,2,55.9,0,14.6,31,"2020","10"
"2020-10-07",103348,16,9.9,22,0,1.9,48.9,0,14.9,31,"2020","10"
"2020-10-08",105509,17.2,12.1,23.1,0,3.1,53,0,15.9,19,"2020","10"
"2020-10-09",104087,17.2,12.4,23.3,0,3,53.4,0,16.6,21,"2020","10"
"2020-10-10",104678,16.9,12.3,21.5,0,2,60.1,0,16.6,25,"2020","10"
"2020-10-11",95405,16.9,12.7,20.8,0,1.8,68.5,0,16.1,39,"2020","10"
"2020-10-12",97721,16.2,12.1,21.3,0,2.2,68.6,0,16.8,52,"2020","10"
"2020-10-13",97160,13.6,8.6,18.4,0,2.2,52.3,0,14.2,35,"2020","10"
"2020-10-14",92998,12.8,8.5,18,0,2.4,47,0,14.3,45,"2020","10"
"2020-10-15",92555,11.7,6.5,18.5,0,1.5,41.8,0,13.1,NA,"2020","10"
"2020-10-16",92609,11.8,8.6,15.4,0,1.5,64.3,0,12.5,54,"2020","10"
"2020-10-17",94840,13.1,8.7,18.6,0,1.8,64.3,0,13.1,51,"2020","10"
"2020-10-18",89401,13.6,7.2,20.2,0,2,65.5,0,12.9,45,"2020","10"
"2020-10-19",95110,15.1,9.8,21.3,0,1.7,74.4,0,14.3,120,"2020","10"
"2020-10-20",98577,15.2,9.9,21.7,0,1.6,67.1,0,14.5,118,"2020","10"
"2020-10-21",96566,14.1,11.8,17.3,0,1.9,69.4,0,13.7,NA,"2020","10"
"2020-10-22",92100,13.5,8.4,18.2,0,2.8,66,0,15.2,94,"2020","10"
"2020-10-23",84672,8.6,5.4,13.3,0,3,51.5,0,10.7,34,"2020","10"
"2020-10-24",77452,8.7,3.2,14,0,2.5,47.6,0,9.4,37,"2020","10"
"2020-10-25",80497,11.8,5.4,18.2,0,1.7,62.5,0,10.9,46,"2020","10"
"2020-10-26",92374,12.9,8,19,0,1.6,71.6,0,11.9,72,"2020","10"
"2020-10-27",95411,14,9,19.4,0,1.8,74.1,0,13.2,116,"2020","10"
"2020-10-28",95033,13.8,8.6,18.2,0,2.5,52.1,0,13.8,63,"2020","10"
"2020-10-29",92267,10.8,5.5,16.1,0,2,40.3,0,11.5,44,"2020","10"
"2020-10-30",97088,11.9,5.8,19.6,0,1.5,42.9,0,11.2,57,"2020","10"
"2020-10-31",89444,13.6,8.5,18.2,0,2.6,60.3,0,12.9,34,"2020","10"
"2020-11-01",32925,13.7,11.6,15,13.6,2.3,84.3,0,13.1,74,"2020","11"
"2020-11-02",86705,10.8,7.9,15.6,1.7,2.3,58.3,0,10,58,"2020","11"
"2020-11-03",69439,5.1,2.7,8.6,0.5,3.5,47.5,0,6.1,27,"2020","11"
"2020-11-04",74159,4.9,0.2,10.8,0,2.3,43.9,0,5.2,39,"2020","11"
"2020-11-05",85090,9.6,3.4,15.9,0,1.8,61.5,0,10.5,53,"2020","11"
"2020-11-06",91815,13.5,9.9,17.2,0,1.7,63.3,0,12.5,64,"2020","11"
"2020-11-07",84151,14.6,12.2,18.1,0.1,2.7,68.8,0,14.6,115,"2020","11"
"2020-11-08",62244,8.5,3.1,12.4,0,3.1,43.8,0,9.9,72,"2020","11"
"2020-11-09",73482,5.5,0.7,8.9,0,1.8,40.9,0,5.6,34,"2020","11"
"2020-11-10",81965,7.7,3.5,12.9,0,2.2,56.1,0,7.9,34,"2020","11"
"2020-11-11",86595,9.3,3.5,16.5,0,1.6,53.5,0,8.7,62,"2020","11"
"2020-11-12",88193,10.4,4.6,17.7,0,1.7,56.9,0,9.2,92,"2020","11"
"2020-11-13",90754,12.2,8.5,17.6,0,1.6,71.5,0,12.1,115,"2020","11"
"2020-11-14",81553,12.5,6.8,19.3,0,1.7,66.9,0,10.9,111,"2020","11"
"2020-11-15",69098,11.1,8.2,14.9,0,1.7,75,0,10.2,118,"2020","11"
"2020-11-16",87583,12.4,7.5,18.3,0,1.6,70.1,0,10.9,110,"2020","11"
"2020-11-17",81258,15.9,11.7,20,0.1,2.3,67.5,0,13,90,"2020","11"
"2020-11-18",44452,16.6,14.8,18.7,12.2,2.6,91.4,0,15.3,NA,"2020","11"
"2020-11-19",34590,13.6,6.9,19.1,86.9,4.2,90.5,0,14.6,NA,"2020","11"
"2020-11-20",60332,2.8,0.3,7,0,3.2,74.3,0,6.2,33,"2020","11"
"2020-11-21",60290,6.5,-0.3,12.8,0.2,2.1,67.9,0,6.5,47,"2020","11"
"2020-11-22",34828,5.6,1.5,9.1,4.8,2.5,80.5,0,7.3,57,"2020","11"
"2020-11-23",58766,1.7,-1.5,5.9,0,2.3,61.4,0,2.9,41,"2020","11"
"2020-11-24",61865,2.9,0.2,6.4,0,1.8,54.5,0,3.5,39,"2020","11"
"2020-11-25",64921,4.6,0,9.5,0,1.5,64.1,0,3.5,61,"2020","11"
"2020-11-26",64297,5.6,1.9,10.9,0,1.7,66.5,0,4.4,90,"2020","11"
"2020-11-27",58092,4.1,0.6,7.7,0,2.7,61.6,0,4.9,62,"2020","11"
"2020-11-28",38492,-0.1,-2.3,2.8,0,2.8,50,0,1.2,29,"2020","11"
"2020-11-29",32211,-0.6,-3.6,2.6,0,2.2,59.6,0,0.7,36,"2020","11"
"2020-11-30",49925,-0.2,-3.6,4.3,0,1.9,57.8,0,0.4,46,"2020","11"
"2020-12-01",53885,1.1,-3.6,6.7,0,1.9,44.5,0,0.3,42,"2020","12"
"2020-12-02",55611,2.4,0.5,6.1,0,1.8,41.4,0,2.2,43,"2020","12"
"2020-12-03",51533,0.7,-2.3,4.2,0,2.7,47.1,0,1.2,36,"2020","12"
"2020-12-04",50915,-0.6,-4.6,4.4,0,1.8,53.8,0,-0.3,45,"2020","12"
"2020-12-05",42953,2.1,-2.2,6.6,0,1.7,63.1,0,0.5,55,"2020","12"
"2020-12-06",40616,4.5,1.2,9.1,0,1.8,66.9,0,2.1,74,"2020","12"
"2020-12-07",49809,3.4,-0.7,6.3,0,2.6,57.5,0,3.1,79,"2020","12"
"2020-12-08",47614,-0.5,-3.5,4.1,0,2,50,0,0.1,35,"2020","12"
"2020-12-09",50476,1.5,-4.1,6.2,0,1.5,55.1,0,-0.3,55,"2020","12"
"2020-12-10",53421,5.8,3.2,9.3,0,1.7,69.9,0,3.9,112,"2020","12"
"2020-12-11",53536,5.3,2.6,9.4,0,1.8,77.1,0,3.3,NA,"2020","12"
"2020-12-12",42146,2.3,-0.3,6.1,0,2.1,51.3,0,1.8,71,"2020","12"
"2020-12-13",14362,-1.1,-6,2,2.9,2.9,74.9,3.2,0.5,51,"2020","12"
"2020-12-14",28030,-7.7,-9.7,-5,0,3.4,49.1,0,-1.9,31,"2020","12"
"2020-12-15",28028,-8.3,-11.1,-4.6,0,2.8,43,0,-3.7,24,"2020","12"
"2020-12-16",27678,-8.3,-11.2,-3.9,0,2.6,43.9,0,-4.3,29,"2020","12"
"2020-12-17",32315,-4.9,-11.1,0.8,0,1.7,47,0,-3.7,34,"2020","12"
"2020-12-18",30195,-2.1,-6.4,1.8,0.2,3,57,0.2,-1.3,47,"2020","12"
"2020-12-19",24130,-5.1,-9.6,-1.2,0,2.4,45.1,0,-3.5,35,"2020","12"
"2020-12-20",23442,-3.7,-8.2,1.1,0,2,50.4,0,-3.3,34,"2020","12"
"2020-12-21",37286,-1,-6,4.7,0,1.6,64.1,0,-2.4,56,"2020","12"
"2020-12-22",42486,2,-2.5,7.2,0,2,67.6,0,-0.4,74,"2020","12"
"2020-12-23",42218,4.5,-0.4,8.5,0,2.3,76.6,0,0.4,103,"2020","12"
"2020-12-24",41102,2.6,-2,6.1,0,2.9,61.5,0,0.7,85,"2020","12"
"2020-12-25",28600,-0.8,-4.7,3.5,0,2.1,51.9,0,-1.4,37,"2020","12"
"2020-12-26",37137,2.2,-2.1,8,0,1.8,65.8,0,-0.6,80,"2020","12"
"2020-12-27",37103,5.8,1.4,10,0,1.8,62.9,0,1.4,95,"2020","12"
"2020-12-28",46912,6.7,4.2,11.4,1.3,1.4,72.1,0,2.7,94,"2020","12"
"2020-12-29",35747,0.1,-6.2,4.3,0.2,2.9,70.8,0,-0.1,96,"2020","12"
"2020-12-30",22488,-10.9,-12.9,-6.2,0,4.1,55.5,0,-4.4,47,"2020","12"
"2020-12-31",24535,-8.9,-12.9,-5,0,2.4,53.9,0,-5,34,"2020","12"
"2021-01-01",22274,-4.2,-9.8,1.6,0,2,64,0,-3.4,36,"2021","01"
"2021-01-02",23631,-5,-8.4,-1.4,0,2.6,38.5,0,-3.9,43,"2021","01"
"2021-01-03",21809,-5.6,-9.1,-2,0,2,45,0,-4.9,47,"2021","01"
"2021-01-04",32957,-3.5,-8.4,0.3,0,1.7,51.4,0,-3.3,50,"2021","01"
"2021-01-05",29033,-5.5,-9.9,-2.1,0,2.9,52.8,0,-3.2,37,"2021","01"
"2021-01-06",22261,-7.4,-12,-1.9,2.3,2.4,54.6,3.8,-4,30,"2021","01"
"2021-01-07",5549,-14.5,-16.5,-8.4,0,4.1,49.9,0,-6.1,56,"2021","01"
"2021-01-08",8029,-14.9,-18.6,-10.7,0,3.3,44,0,-9.3,27,"2021","01"
"2021-01-09",9082,-12.2,-16.6,-7.5,0,2.6,46.3,0,-8.4,33,"2021","01"
"2021-01-10",11116,-7.7,-12.8,-2.7,0,1.3,54.4,0,-6.1,48,"2021","01"
"2021-01-11",19525,-6.7,-9.6,-4,0,1.9,62.1,0,-5.5,63,"2021","01"
"2021-01-12",12827,-3.9,-9.3,-0.5,2.6,1.8,79.5,5,-4.1,88,"2021","01"
"2021-01-13",19780,2,-3,8.3,0,2.4,80.3,0,0,146,"2021","01"
"2021-01-14",32603,1.7,-3.6,7,0,2.3,46.5,0,-0.2,100,"2021","01"
"2021-01-15",32429,4.5,-0.7,9.9,0.2,3,67.4,0,0.7,109,"2021","01"
"2021-01-16",22524,-4.9,-8.7,-0.7,0,3.3,59.3,0,-1.6,69,"2021","01"
"2021-01-17",18081,-5.5,-10.8,-1.3,0,2.3,58.5,0.1,-3.9,29,"2021","01"
"2021-01-18",18110,-3.8,-9.1,0.2,0.3,3.2,64.3,0.9,-3.3,53,"2021","01"
"2021-01-19",26940,-6.3,-11.6,-0.2,0,1.8,37.9,0,-4.8,43,"2021","01"
"2021-01-20",36983,-0.1,-6.6,7.1,0,2.2,37.8,0,-2,59,"2021","01"
"2021-01-21",17451,4.5,2.5,7,9.2,2.3,64.4,0,0.7,72,"2021","01"
"2021-01-22",34963,5.5,4.8,6.6,0.1,1.7,92.9,0,1.9,71,"2021","01"
"2021-01-23",43368,7.6,4.8,12.2,0,4.2,66,0,3.6,NA,"2021","01"
"2021-01-24",50024,7.3,2.4,13.9,0,2.1,63.9,0,3,20,"2021","01"
"2021-01-25",54669,7.9,3,13.9,0,1.9,62,0,3.3,34,"2021","01"
"2021-01-26",26272,5.3,1.7,7.4,1.7,1.9,80.4,0,2,70,"2021","01"
"2021-01-27",45639,1.7,-1.8,6.5,0,2.2,47.6,0,1.6,50,"2021","01"
"2021-01-28",22745,-2.6,-9.7,1.4,2,4,52.3,3.6,-0.3,51,"2021","01"
"2021-01-29",24435,-8.8,-11.6,-4.9,0,3.5,40,0,-1.7,32,"2021","01"
"2021-01-30",28379,-1.6,-8.1,5.2,0.5,2.5,60,0.8,-0.3,74,"2021","01"
"2021-01-31",38533,3.2,-3.8,8.7,0,2,57,0,0.1,75,"2021","01"
